Date,trend,ticker,company_name
2025-05-12,26.0,005930.KS,삼성전자
2025-05-13,26.0,005930.KS,삼성전자
2025-05-14,26.0,005930.KS,삼성전자
2025-05-15,26.0,005930.KS,삼성전자
2025-05-16,26.0,005930.KS,삼성전자
2025-05-17,26.0,005930.KS,삼성전자
2025-05-18,26.0,005930.KS,삼성전자
2025-05-19,26.0,005930.KS,삼성전자
2025-05-20,26.0,005930.KS,삼성전자
2025-05-21,26.0,005930.KS,삼성전자
2025-05-22,26.0,005930.KS,삼성전자
2025-05-23,26.0,005930.KS,삼성전자
2025-05-24,26.0,005930.KS,삼성전자
2025-05-25,26.0,005930.KS,삼성전자
2025-05-26,26.0,005930.KS,삼성전자
2025-05-27,26.0,005930.KS,삼성전자
2025-05-28,26.0,005930.KS,삼성전자
2025-05-29,26.0,005930.KS,삼성전자
2025-05-30,26.0,005930.KS,삼성전자
2025-05-31,26.0,005930.KS,삼성전자
2025-06-01,26.0,005930.KS,삼성전자
2025-06-02,26.0,005930.KS,삼성전자
2025-06-03,26.0,005930.KS,삼성전자
2025-06-04,26.0,005930.KS,삼성전자
2025-06-05,26.0,005930.KS,삼성전자
2025-06-06,26.0,005930.KS,삼성전자
2025-06-07,26.0,005930.KS,삼성전자
2025-06-08,26.0,005930.KS,삼성전자
2025-06-09,26.0,005930.KS,삼성전자
2025-06-10,26.0,005930.KS,삼성전자
2025-06-11,26.0,005930.KS,삼성전자
2025-06-12,26.0,005930.KS,삼성전자
2025-06-13,26.0,005930.KS,삼성전자
2025-06-14,26.0,005930.KS,삼성전자
2025-06-15,26.0,005930.KS,삼성전자
2025-06-16,26.0,005930.KS,삼성전자
2025-06-17,26.0,005930.KS,삼성전자
2025-06-18,26.0,005930.KS,삼성전자
2025-06-19,26.0,005930.KS,삼성전자
2025-06-20,26.0,005930.KS,삼성전자
2025-06-21,26.0,005930.KS,삼성전자
2025-06-22,26.0,005930.KS,삼성전자
2025-06-23,26.0,005930.KS,삼성전자
2025-06-24,26.0,005930.KS,삼성전자
2025-06-25,26.0,005930.KS,삼성전자
2025-06-26,26.0,005930.KS,삼성전자
2025-06-27,26.0,005930.KS,삼성전자
2025-06-28,26.0,005930.KS,삼성전자
2025-06-29,26.0,005930.KS,삼성전자
2025-06-30,26.0,005930.KS,삼성전자
2025-07-01,26.0,005930.KS,삼성전자
2025-07-02,26.0,005930.KS,삼성전자
2025-07-03,26.0,005930.KS,삼성전자
2025-07-04,26.0,005930.KS,삼성전자
2025-07-05,26.0,005930.KS,삼성전자
2025-07-06,26.0,005930.KS,삼성전자
2025-07-07,26.0,005930.KS,삼성전자
2025-07-08,26.0,005930.KS,삼성전자
2025-07-09,26.0,005930.KS,삼성전자
2025-07-10,26.0,005930.KS,삼성전자
2025-07-11,26.0,005930.KS,삼성전자
2025-07-12,26.0,005930.KS,삼성전자
2025-07-13,26.0,005930.KS,삼성전자
2025-07-14,26.0,005930.KS,삼성전자
2025-07-15,26.0,005930.KS,삼성전자
2025-07-16,26.0,005930.KS,삼성전자
2025-07-17,26.0,005930.KS,삼성전자
2025-07-18,26.0,005930.KS,삼성전자
2025-07-19,26.0,005930.KS,삼성전자
2025-07-20,26.0,005930.KS,삼성전자
2025-07-21,26.0,005930.KS,삼성전자
2025-07-22,26.0,005930.KS,삼성전자
2025-07-23,26.0,005930.KS,삼성전자
2025-07-24,26.0,005930.KS,삼성전자
2025-07-25,26.0,005930.KS,삼성전자
2025-07-26,26.0,005930.KS,삼성전자
2025-07-27,26.0,005930.KS,삼성전자
2025-07-28,26.0,005930.KS,삼성전자
2025-07-29,26.0,005930.KS,삼성전자
2025-07-30,26.0,005930.KS,삼성전자
2025-07-31,26.0,005930.KS,삼성전자
2025-08-01,26.0,005930.KS,삼성전자
2025-08-02,26.0,005930.KS,삼성전자
2025-08-03,26.0,005930.KS,삼성전자
2025-08-04,26.0,005930.KS,삼성전자
2025-08-05,26.0,005930.KS,삼성전자
2025-08-06,26.0,005930.KS,삼성전자
2025-08-07,26.0,005930.KS,삼성전자
2025-08-08,26.0,005930.KS,삼성전자
2025-08-09,26.0,005930.KS,삼성전자
2025-08-10,26.0,005930.KS,삼성전자
2025-08-11,26.0,005930.KS,삼성전자
2025-08-12,26.0,005930.KS,삼성전자
2025-08-13,26.0,005930.KS,삼성전자
2025-08-14,26.0,005930.KS,삼성전자
2025-08-15,26.0,005930.KS,삼성전자
2025-08-16,26.0,005930.KS,삼성전자
2025-08-17,26.0,005930.KS,삼성전자
2025-08-18,26.0,005930.KS,삼성전자
2025-08-19,26.0,005930.KS,삼성전자
2025-08-20,26.0,005930.KS,삼성전자
2025-08-21,26.0,005930.KS,삼성전자
2025-08-22,26.0,005930.KS,삼성전자
2025-08-23,26.0,005930.KS,삼성전자
2025-08-24,26.0,005930.KS,삼성전자
2025-08-25,26.0,005930.KS,삼성전자
2025-08-26,26.0,005930.KS,삼성전자
2025-08-27,26.0,005930.KS,삼성전자
2025-08-28,26.0,005930.KS,삼성전자
2025-08-29,26.0,005930.KS,삼성전자
2025-08-30,26.0,005930.KS,삼성전자
2025-08-31,26.0,005930.KS,삼성전자
2025-09-01,26.0,005930.KS,삼성전자
2025-09-02,26.0,005930.KS,삼성전자
2025-09-03,26.0,005930.KS,삼성전자
2025-09-04,26.0,005930.KS,삼성전자
2025-09-05,26.0,005930.KS,삼성전자
2025-09-06,26.0,005930.KS,삼성전자
2025-09-07,26.0,005930.KS,삼성전자
2025-09-08,26.0,005930.KS,삼성전자
2025-09-09,26.0,005930.KS,삼성전자
2025-09-10,26.0,005930.KS,삼성전자
2025-09-11,26.0,005930.KS,삼성전자
2025-09-12,26.0,005930.KS,삼성전자
2025-09-13,26.0,005930.KS,삼성전자
2025-09-14,26.0,005930.KS,삼성전자
2025-09-15,26.0,005930.KS,삼성전자
2025-09-16,26.0,005930.KS,삼성전자
2025-09-17,26.0,005930.KS,삼성전자
2025-09-18,26.0,005930.KS,삼성전자
2025-09-19,26.0,005930.KS,삼성전자
2025-09-20,26.0,005930.KS,삼성전자
2025-09-21,26.0,005930.KS,삼성전자
2025-09-22,26.0,005930.KS,삼성전자
2025-09-23,26.0,005930.KS,삼성전자
2025-09-24,26.0,005930.KS,삼성전자
2025-09-25,26.0,005930.KS,삼성전자
2025-09-26,26.0,005930.KS,삼성전자
2025-09-27,26.0,005930.KS,삼성전자
2025-09-28,26.0,005930.KS,삼성전자
2025-09-29,26.0,005930.KS,삼성전자
2025-09-30,26.0,005930.KS,삼성전자
2025-10-01,26.0,005930.KS,삼성전자
2025-10-02,26.0,005930.KS,삼성전자
2025-10-03,26.0,005930.KS,삼성전자
2025-10-04,26.0,005930.KS,삼성전자
2025-10-05,26.0,005930.KS,삼성전자
2025-10-06,26.0,005930.KS,삼성전자
2025-10-07,26.0,005930.KS,삼성전자
2025-10-08,26.0,005930.KS,삼성전자
2025-10-09,26.0,005930.KS,삼성전자
2025-10-10,26.0,005930.KS,삼성전자
2025-10-11,26.0,005930.KS,삼성전자
2025-10-12,26.0,005930.KS,삼성전자
2025-10-13,26.0,005930.KS,삼성전자
2025-10-14,26.0,005930.KS,삼성전자
2025-10-15,26.0,005930.KS,삼성전자
2025-10-16,26.0,005930.KS,삼성전자
2025-10-17,26.0,005930.KS,삼성전자
2025-10-18,26.0,005930.KS,삼성전자
2025-10-19,26.0,005930.KS,삼성전자
2025-10-20,26.0,005930.KS,삼성전자
2025-10-21,26.0,005930.KS,삼성전자
2025-10-22,26.0,005930.KS,삼성전자
2025-10-23,26.0,005930.KS,삼성전자
2025-10-24,26.0,005930.KS,삼성전자
2025-10-25,26.0,005930.KS,삼성전자
2025-10-26,31.0,005930.KS,삼성전자
2025-10-27,91.0,005930.KS,삼성전자
2025-10-28,69.0,005930.KS,삼성전자
2025-10-29,69.0,005930.KS,삼성전자
2025-10-30,84.0,005930.KS,삼성전자
2025-10-31,89.0,005930.KS,삼성전자
2025-11-01,42.0,005930.KS,삼성전자
2025-11-02,40.0,005930.KS,삼성전자
2025-11-03,92.0,005930.KS,삼성전자
2025-11-04,87.0,005930.KS,삼성전자
2025-11-05,82.0,005930.KS,삼성전자
2025-11-06,73.0,005930.KS,삼성전자
2025-11-07,66.0,005930.KS,삼성전자
2025-11-08,35.0,005930.KS,삼성전자
2025-11-09,31.0,005930.KS,삼성전자
2025-11-10,71.0,005930.KS,삼성전자
2025-11-11,65.0,005930.KS,삼성전자
2025-11-12,66.0,005930.KS,삼성전자
2025-11-13,63.0,005930.KS,삼성전자
2025-11-14,59.0,005930.KS,삼성전자
2025-11-15,30.0,005930.KS,삼성전자
2025-11-16,34.0,005930.KS,삼성전자
2025-11-17,61.0,005930.KS,삼성전자
2025-11-18,52.0,005930.KS,삼성전자
2025-11-19,60.0,005930.KS,삼성전자
2025-11-20,62.0,005930.KS,삼성전자
2025-11-21,61.0,005930.KS,삼성전자
2025-11-22,26.0,005930.KS,삼성전자
2025-11-23,29.0,005930.KS,삼성전자
2025-11-24,55.0,005930.KS,삼성전자
2025-11-25,64.0,005930.KS,삼성전자
2025-11-26,59.0,005930.KS,삼성전자
2025-11-27,57.0,005930.KS,삼성전자
2025-11-28,55.0,005930.KS,삼성전자
2025-11-29,29.0,005930.KS,삼성전자
2025-11-30,30.0,005930.KS,삼성전자
2025-12-01,50.0,005930.KS,삼성전자
2025-12-02,50.0,005930.KS,삼성전자
2025-12-03,52.0,005930.KS,삼성전자
2025-12-04,53.0,005930.KS,삼성전자
2025-12-05,49.0,005930.KS,삼성전자
2025-12-06,27.0,005930.KS,삼성전자
2025-12-07,29.0,005930.KS,삼성전자
2025-12-08,56.0,005930.KS,삼성전자
2025-12-09,47.0,005930.KS,삼성전자
2025-12-10,49.0,005930.KS,삼성전자
2025-12-11,50.0,005930.KS,삼성전자
2025-12-12,45.0,005930.KS,삼성전자
2025-12-13,24.0,005930.KS,삼성전자
2025-12-14,26.0,005930.KS,삼성전자
2025-12-15,49.0,005930.KS,삼성전자
2025-12-16,44.0,005930.KS,삼성전자
2025-12-17,52.0,005930.KS,삼성전자
2025-12-18,53.0,005930.KS,삼성전자
2025-12-19,42.0,005930.KS,삼성전자
2025-12-20,24.0,005930.KS,삼성전자
2025-12-21,26.0,005930.KS,삼성전자
2025-12-22,57.0,005930.KS,삼성전자
2025-12-23,53.0,005930.KS,삼성전자
2025-12-24,48.0,005930.KS,삼성전자
2025-12-25,27.0,005930.KS,삼성전자
2025-12-26,67.0,005930.KS,삼성전자
2025-12-27,29.0,005930.KS,삼성전자
2025-12-28,31.0,005930.KS,삼성전자
2025-12-29,61.0,005930.KS,삼성전자
2025-12-30,58.0,005930.KS,삼성전자
2025-12-31,37.0,005930.KS,삼성전자
2026-01-01,29.0,005930.KS,삼성전자
2026-01-02,73.0,005930.KS,삼성전자
2026-01-03,33.0,005930.KS,삼성전자
2026-01-04,36.0,005930.KS,삼성전자
2026-01-05,99.0,005930.KS,삼성전자
2026-01-06,84.0,005930.KS,삼성전자
2026-01-07,100.0,005930.KS,삼성전자
2026-01-08,90.0,005930.KS,삼성전자
2026-01-09,65.0,005930.KS,삼성전자
2026-01-10,30.0,005930.KS,삼성전자
2026-01-11,35.0,005930.KS,삼성전자
2026-01-12,69.0,005930.KS,삼성전자
2026-01-13,65.0,005930.KS,삼성전자
2026-01-14,61.0,005930.KS,삼성전자
2026-01-15,74.0,005930.KS,삼성전자
2026-01-16,79.96052631578948,005930.KS,삼성전자
2026-01-17,37.36024182076814,005930.KS,삼성전자
2026-01-18,43.10028449502134,005930.KS,삼성전자
2026-01-19,82.04054054054055,005930.KS,삼성전자
2026-01-20,77.88051209103841,005930.KS,삼성전자
2026-01-21,75.30049786628734,005930.KS,삼성전자
2026-01-22,84.62055476529162,005930.KS,삼성전자
2026-01-23,73.22048364153628,005930.KS,삼성전자
2026-01-24,36.72048364153628,005930.KS,삼성전자
2026-01-25,41.04054054054054,005930.KS,삼성전자
2026-01-26,75.60099573257469,005930.KS,삼성전자
2026-01-27,86.40113798008535,005930.KS,삼성전자
2026-01-28,103.68136557610242,005930.KS,삼성전자
2026-01-29,110.16145092460884,005930.KS,삼성전자
2026-01-30,88.56116642958749,005930.KS,삼성전자
2026-01-31,36.72048364153628,005930.KS,삼성전자
2026-02-01,41.04054054054054,005930.KS,삼성전자
2026-02-02,79.92105263157895,005930.KS,삼성전자
2026-02-03,90.72119487908962,005930.KS,삼성전자
2026-02-04,86.40113798008535,005930.KS,삼성전자
2026-02-05,82.08108108108108,005930.KS,삼성전자
2026-02-06,86.40113798008535,005930.KS,삼성전자
2026-02-07,36.72048364153628,005930.KS,삼성전자
2026-02-08,38.88051209103841,005930.KS,삼성전자
2026-02-09,71.28093883357042,005930.KS,삼성전자
2026-02-10,62.64082503556188,005930.KS,삼성전자
2026-02-11,64.80085348506401,005930.KS,삼성전자
2026-02-12,97.20128022759602,005930.KS,삼성전자
2026-02-13,86.40113798008535,005930.KS,삼성전자
2026-02-14,43.20056899004268,005930.KS,삼성전자
2026-02-15,36.72048364153628,005930.KS,삼성전자
2026-02-16,34.56045519203414,005930.KS,삼성전자
2026-02-17,38.88051209103841,005930.KS,삼성전자
2026-02-18,38.88051209103841,005930.KS,삼성전자
2026-02-19,95.04125177809388,005930.KS,삼성전자
2026-02-20,86.40113798008535,005930.KS,삼성전자
2026-02-21,45.36059743954481,005930.KS,삼성전자
2026-02-22,49.68065433854908,005930.KS,삼성전자
2026-02-23,92.88122332859176,005930.KS,삼성전자
2026-02-24,118.80156472261736,005930.KS,삼성전자
2026-02-25,144.72190611664297,005930.KS,삼성전자
2026-02-26,190.08250355618776,005930.KS,삼성전자
2026-02-27,155.52204836415365,005930.KS,삼성전자
2026-02-28,71.28093883357042,005930.KS,삼성전자
2026-03-01,60.48079658605975,005930.KS,삼성전자
2026-03-02,71.28093883357042,005930.KS,삼성전자
2026-03-03,187.92247510668565,005930.KS,삼성전자
2026-03-04,194.40256045519203,005930.KS,삼성전자
2026-03-05,153.3620199146515,005930.KS,삼성전자
2026-03-06,127.4416785206259,005930.KS,삼성전자
2026-03-07,58.32076813655761,005930.KS,삼성전자
2026-03-08,75.60099573257469,005930.KS,삼성전자
2026-03-09,159.8421052631579,005930.KS,삼성전자
2026-03-10,168.48221906116643,005930.KS,삼성전자
2026-03-11,140.4018492176387,005930.KS,삼성전자
2026-03-12,116.64153627311522,005930.KS,삼성전자
2026-03-13,108.0014224751067,005930.KS,삼성전자
2026-03-14,62.64082503556188,005930.KS,삼성전자
2026-03-15,84.24110953058322,005930.KS,삼성전자
2026-03-16,146.8819345661451,005930.KS,삼성전자
2026-03-17,140.4018492176387,005930.KS,삼성전자
2026-03-18,194.40256045519203,005930.KS,삼성전자
2026-03-19,151.20199146514938,005930.KS,삼성전자
2026-03-20,127.4416785206259,005930.KS,삼성전자
2026-03-21,60.48079658605975,005930.KS,삼성전자
2026-03-22,66.96088193456615,005930.KS,삼성전자
2026-03-23,136.08179231863443,005930.KS,삼성전자
2026-03-24,99.36130867709817,005930.KS,삼성전자
2026-03-25,110.16145092460884,005930.KS,삼성전자
2026-03-26,151.20199146514938,005930.KS,삼성전자
2026-03-27,127.4416785206259,005930.KS,삼성전자
2026-03-28,60.48079658605975,005930.KS,삼성전자
2026-03-29,73.44096728307255,005930.KS,삼성전자
2026-03-30,125.28165007112376,005930.KS,삼성전자
2026-03-31,151.20199146514938,005930.KS,삼성전자
2026-04-01,142.56187766714083,005930.KS,삼성전자
2026-04-02,151.20199146514938,005930.KS,삼성전자
2026-04-03,116.64153627311522,005930.KS,삼성전자
2026-04-04,47.52062588904694,005930.KS,삼성전자
2026-04-05,77.76102418207682,005930.KS,삼성전자
2026-04-06,216.0028449502134,005930.KS,삼성전자
2026-04-07,185.76244665718352,005930.KS,삼성전자
2026-04-08,181.44238975817925,005930.KS,삼성전자
2026-04-09,149.04196301564724,005930.KS,삼성전자
2026-04-10,177.12233285917495,005930.KS,삼성전자
2026-04-11,125.28165007112376,005930.KS,삼성전자
2026-04-12,136.08179231863443,005930.KS,삼성전자
2026-04-13,138.24182076813656,005930.KS,삼성전자
2026-04-14,133.9217638691323,005930.KS,삼성전자
2026-04-15,136.08179231863443,005930.KS,삼성전자
2026-04-16,140.4018492176387,005930.KS,삼성전자
2026-04-17,140.4018492176387,005930.KS,삼성전자
2026-04-18,140.4018492176387,005930.KS,삼성전자
2026-04-19,140.4018492176387,005930.KS,삼성전자
2026-04-20,140.4018492176387,005930.KS,삼성전자
2026-04-21,140.4018492176387,005930.KS,삼성전자
2026-04-22,140.4018492176387,005930.KS,삼성전자
2026-04-23,140.4018492176387,005930.KS,삼성전자
2026-04-24,140.4018492176387,005930.KS,삼성전자
2026-04-25,140.4018492176387,005930.KS,삼성전자
2026-04-26,140.4018492176387,005930.KS,삼성전자
2026-04-27,140.4018492176387,005930.KS,삼성전자
2026-04-28,140.4018492176387,005930.KS,삼성전자
2026-04-29,140.4018492176387,005930.KS,삼성전자
2026-04-30,140.4018492176387,005930.KS,삼성전자
2026-05-01,140.4018492176387,005930.KS,삼성전자
2026-05-02,140.4018492176387,005930.KS,삼성전자
2026-05-03,140.4018492176387,005930.KS,삼성전자
2026-05-04,140.4018492176387,005930.KS,삼성전자
2026-05-05,140.4018492176387,005930.KS,삼성전자
2026-05-06,140.4018492176387,005930.KS,삼성전자
2026-05-07,140.4018492176387,005930.KS,삼성전자
2026-05-08,140.4018492176387,005930.KS,삼성전자
2026-05-09,140.4018492176387,005930.KS,삼성전자
2026-05-10,140.4018492176387,005930.KS,삼성전자
2026-05-11,140.4018492176387,005930.KS,삼성전자
2026-05-12,140.4018492176387,005930.KS,삼성전자
2025-05-12,24.0,000660.KS,SK하이닉스
2025-05-13,26.0,000660.KS,SK하이닉스
2025-05-14,23.0,000660.KS,SK하이닉스
2025-05-15,20.0,000660.KS,SK하이닉스
2025-05-16,20.0,000660.KS,SK하이닉스
2025-05-17,11.0,000660.KS,SK하이닉스
2025-05-18,19.0,000660.KS,SK하이닉스
2025-05-19,27.0,000660.KS,SK하이닉스
2025-05-20,21.0,000660.KS,SK하이닉스
2025-05-21,16.0,000660.KS,SK하이닉스
2025-05-22,16.0,000660.KS,SK하이닉스
2025-05-23,17.0,000660.KS,SK하이닉스
2025-05-24,11.0,000660.KS,SK하이닉스
2025-05-25,6.0,000660.KS,SK하이닉스
2025-05-26,16.0,000660.KS,SK하이닉스
2025-05-27,20.0,000660.KS,SK하이닉스
2025-05-28,24.0,000660.KS,SK하이닉스
2025-05-29,21.0,000660.KS,SK하이닉스
2025-05-30,17.0,000660.KS,SK하이닉스
2025-05-31,8.0,000660.KS,SK하이닉스
2025-06-01,9.0,000660.KS,SK하이닉스
2025-06-02,12.0,000660.KS,SK하이닉스
2025-06-03,11.0,000660.KS,SK하이닉스
2025-06-04,22.0,000660.KS,SK하이닉스
2025-06-05,23.0,000660.KS,SK하이닉스
2025-06-06,10.0,000660.KS,SK하이닉스
2025-06-07,18.0,000660.KS,SK하이닉스
2025-06-08,23.0,000660.KS,SK하이닉스
2025-06-09,35.0,000660.KS,SK하이닉스
2025-06-10,27.0,000660.KS,SK하이닉스
2025-06-11,41.0,000660.KS,SK하이닉스
2025-06-12,33.0,000660.KS,SK하이닉스
2025-06-13,27.0,000660.KS,SK하이닉스
2025-06-14,18.0,000660.KS,SK하이닉스
2025-06-15,21.0,000660.KS,SK하이닉스
2025-06-16,36.0,000660.KS,SK하이닉스
2025-06-17,39.0,000660.KS,SK하이닉스
2025-06-18,23.0,000660.KS,SK하이닉스
2025-06-19,22.0,000660.KS,SK하이닉스
2025-06-20,20.0,000660.KS,SK하이닉스
2025-06-21,10.0,000660.KS,SK하이닉스
2025-06-22,12.0,000660.KS,SK하이닉스
2025-06-23,28.0,000660.KS,SK하이닉스
2025-06-24,35.0,000660.KS,SK하이닉스
2025-06-25,27.0,000660.KS,SK하이닉스
2025-06-26,36.0,000660.KS,SK하이닉스
2025-06-27,25.0,000660.KS,SK하이닉스
2025-06-28,14.0,000660.KS,SK하이닉스
2025-06-29,18.0,000660.KS,SK하이닉스
2025-06-30,34.0,000660.KS,SK하이닉스
2025-07-01,22.0,000660.KS,SK하이닉스
2025-07-02,26.0,000660.KS,SK하이닉스
2025-07-03,25.0,000660.KS,SK하이닉스
2025-07-04,23.0,000660.KS,SK하이닉스
2025-07-05,8.0,000660.KS,SK하이닉스
2025-07-06,14.0,000660.KS,SK하이닉스
2025-07-07,39.0,000660.KS,SK하이닉스
2025-07-08,27.0,000660.KS,SK하이닉스
2025-07-09,33.0,000660.KS,SK하이닉스
2025-07-10,30.0,000660.KS,SK하이닉스
2025-07-11,30.0,000660.KS,SK하이닉스
2025-07-12,17.0,000660.KS,SK하이닉스
2025-07-13,22.0,000660.KS,SK하이닉스
2025-07-14,41.0,000660.KS,SK하이닉스
2025-07-15,34.0,000660.KS,SK하이닉스
2025-07-16,26.0,000660.KS,SK하이닉스
2025-07-17,100.0,000660.KS,SK하이닉스
2025-07-18,33.0,000660.KS,SK하이닉스
2025-07-19,20.0,000660.KS,SK하이닉스
2025-07-20,24.0,000660.KS,SK하이닉스
2025-07-21,37.0,000660.KS,SK하이닉스
2025-07-22,29.0,000660.KS,SK하이닉스
2025-07-23,38.0,000660.KS,SK하이닉스
2025-07-24,50.0,000660.KS,SK하이닉스
2025-07-25,30.0,000660.KS,SK하이닉스
2025-07-26,17.0,000660.KS,SK하이닉스
2025-07-27,15.0,000660.KS,SK하이닉스
2025-07-28,40.0,000660.KS,SK하이닉스
2025-07-29,33.0,000660.KS,SK하이닉스
2025-07-30,35.0,000660.KS,SK하이닉스
2025-07-31,31.0,000660.KS,SK하이닉스
2025-08-01,42.0,000660.KS,SK하이닉스
2025-08-02,22.0,000660.KS,SK하이닉스
2025-08-03,26.011627906976745,000660.KS,SK하이닉스
2025-08-04,49.222093023255816,000660.KS,SK하이닉스
2025-08-05,55.97500000000001,000660.KS,SK하이닉스
2025-08-06,67.83023255813954,000660.KS,SK하이닉스
2025-08-07,74.58313953488373,000660.KS,SK하이닉스
2025-08-08,61.57732558139536,000660.KS,SK하이닉스
2025-08-09,37.36686046511628,000660.KS,SK하이닉스
2025-08-10,44.11976744186047,000660.KS,SK하이닉스
2025-08-11,74.16627906976746,000660.KS,SK하이닉스
2025-08-12,81.9732558139535,000660.KS,SK하이닉스
2025-08-13,72.86511627906978,000660.KS,SK하이닉스
2025-08-14,61.15465116279071,000660.KS,SK하이닉스
2025-08-15,28.62558139534884,000660.KS,SK하이닉스
2025-08-16,36.43255813953489,000660.KS,SK하이닉스
2025-08-17,48.14302325581396,000660.KS,SK하이닉스
2025-08-18,63.756976744186055,000660.KS,SK하이닉스
2025-08-19,57.25116279069768,000660.KS,SK하이닉스
2025-08-20,46.84186046511629,000660.KS,SK하이닉스
2025-08-21,78.06976744186048,000660.KS,SK하이닉스
2025-08-22,48.14302325581396,000660.KS,SK하이닉스
2025-08-23,22.119767441860468,000660.KS,SK하이닉스
2025-08-24,23.420930232558145,000660.KS,SK하이닉스
2025-08-25,46.84186046511629,000660.KS,SK하이닉스
2025-08-26,46.84186046511629,000660.KS,SK하이닉스
2025-08-27,42.93837209302326,000660.KS,SK하이닉스
2025-08-28,53.34767441860466,000660.KS,SK하이닉스
2025-08-29,44.239534883720935,000660.KS,SK하이닉스
2025-08-30,24.722093023255816,000660.KS,SK하이닉스
2025-08-31,28.62558139534884,000660.KS,SK하이닉스
2025-09-01,74.16627906976746,000660.KS,SK하이닉스
2025-09-02,76.7686046511628,000660.KS,SK하이닉스
2025-09-03,67.66046511627908,000660.KS,SK하이닉스
2025-09-04,70.26279069767443,000660.KS,SK하이닉스
2025-09-05,57.25116279069768,000660.KS,SK하이닉스
2025-09-06,39.03488372093024,000660.KS,SK하이닉스
2025-09-07,40.33604651162791,000660.KS,SK하이닉스
2025-09-08,57.25116279069768,000660.KS,SK하이닉스
2025-09-09,54.648837209302336,000660.KS,SK하이닉스
2025-09-10,91.08139534883722,000660.KS,SK하이닉스
2025-09-11,80.67209302325583,000660.KS,SK하이닉스
2025-09-12,115.80348837209304,000660.KS,SK하이닉스
2025-09-13,50.745348837209306,000660.KS,SK하이닉스
2025-09-14,57.25116279069768,000660.KS,SK하이닉스
2025-09-15,102.79186046511629,000660.KS,SK하이닉스
2025-09-16,124.91162790697676,000660.KS,SK하이닉스
2025-09-17,83.27441860465117,000660.KS,SK하이닉스
2025-09-18,106.69534883720932,000660.KS,SK하이닉스
2025-09-19,74.16627906976746,000660.KS,SK하이닉스
2025-09-20,48.14302325581396,000660.KS,SK하이닉스
2025-09-21,58.55232558139536,000660.KS,SK하이닉스
2025-09-22,117.10465116279072,000660.KS,SK하이닉스
2025-09-23,94.98488372093024,000660.KS,SK하이닉스
2025-09-24,78.06976744186048,000660.KS,SK하이닉스
2025-09-25,70.26279069767443,000660.KS,SK하이닉스
2025-09-26,81.9732558139535,000660.KS,SK하이닉스
2025-09-27,52.04651162790698,000660.KS,SK하이닉스
2025-09-28,67.66046511627908,000660.KS,SK하이닉스
2025-09-29,92.3825581395349,000660.KS,SK하이닉스
2025-09-30,130.11627906976747,000660.KS,SK하이닉스
2025-10-01,106.69534883720932,000660.KS,SK하이닉스
2025-10-02,109.29767441860469,000660.KS,SK하이닉스
2025-10-03,36.43255813953489,000660.KS,SK하이닉스
2025-10-04,32.52906976744187,000660.KS,SK하이닉스
2025-10-05,29.92674418604652,000660.KS,SK하이닉스
2025-10-06,26.02325581395349,000660.KS,SK하이닉스
2025-10-07,31.22790697674419,000660.KS,SK하이닉스
2025-10-08,24.722093023255816,000660.KS,SK하이닉스
2025-10-09,36.43255813953489,000660.KS,SK하이닉스
2025-10-10,79.37093023255815,000660.KS,SK하이닉스
2025-10-11,41.63720930232559,000660.KS,SK하이닉스
2025-10-12,42.93837209302326,000660.KS,SK하이닉스
2025-10-13,61.15465116279071,000660.KS,SK하이닉스
2025-10-14,63.756976744186055,000660.KS,SK하이닉스
2025-10-15,63.756976744186055,000660.KS,SK하이닉스
2025-10-16,109.29767441860469,000660.KS,SK하이닉스
2025-10-17,70.26279069767443,000660.KS,SK하이닉스
2025-10-18,42.93837209302326,000660.KS,SK하이닉스
2025-10-19,37.733720930232565,000660.KS,SK하이닉스
2025-10-20,79.37093023255815,000660.KS,SK하이닉스
2025-10-21,78.06976744186048,000660.KS,SK하이닉스
2025-10-22,70.26279069767443,000660.KS,SK하이닉스
2025-10-23,53.34767441860466,000660.KS,SK하이닉스
2025-10-24,78.06976744186048,000660.KS,SK하이닉스
2025-10-25,36.43255813953489,000660.KS,SK하이닉스
2025-10-26,44.239534883720935,000660.KS,SK하이닉스
2025-10-27,92.3825581395349,000660.KS,SK하이닉스
2025-10-28,100.18953488372094,000660.KS,SK하이닉스
2025-10-29,114.50232558139535,000660.KS,SK하이닉스
2025-10-30,94.98488372093024,000660.KS,SK하이닉스
2025-10-31,102.79186046511629,000660.KS,SK하이닉스
2025-11-01,67.66046511627908,000660.KS,SK하이닉스
2025-11-02,67.34184583881822,000660.KS,SK하이닉스
2025-11-03,67.02322656135733,000660.KS,SK하이닉스
2025-11-04,66.70460728389646,000660.KS,SK하이닉스
2025-11-05,66.38598800643558,000660.KS,SK하이닉스
2025-11-06,66.06736872897471,000660.KS,SK하이닉스
2025-11-07,65.74874945151383,000660.KS,SK하이닉스
2025-11-08,65.43013017405296,000660.KS,SK하이닉스
2025-11-09,65.11151089659208,000660.KS,SK하이닉스
2025-11-10,64.79289161913121,000660.KS,SK하이닉스
2025-11-11,64.47427234167034,000660.KS,SK하이닉스
2025-11-12,64.15565306420946,000660.KS,SK하이닉스
2025-11-13,63.83703378674858,000660.KS,SK하이닉스
2025-11-14,63.51841450928771,000660.KS,SK하이닉스
2025-11-15,63.19979523182684,000660.KS,SK하이닉스
2025-11-16,62.881175954365965,000660.KS,SK하이닉스
2025-11-17,62.56255667690509,000660.KS,SK하이닉스
2025-11-18,62.24393739944421,000660.KS,SK하이닉스
2025-11-19,61.92531812198334,000660.KS,SK하이닉스
2025-11-20,61.60669884452246,000660.KS,SK하이닉스
2025-11-21,61.28807956706159,000660.KS,SK하이닉스
2025-11-22,60.96946028960072,000660.KS,SK하이닉스
2025-11-23,60.65084101213984,000660.KS,SK하이닉스
2025-11-24,60.33222173467897,000660.KS,SK하이닉스
2025-11-25,60.01360245721809,000660.KS,SK하이닉스
2025-11-26,59.694983179757216,000660.KS,SK하이닉스
2025-11-27,59.37636390229634,000660.KS,SK하이닉스
2025-11-28,59.057744624835465,000660.KS,SK하이닉스
2025-11-29,58.73912534737459,000660.KS,SK하이닉스
2025-11-30,58.42050606991371,000660.KS,SK하이닉스
2025-12-01,58.101886792452845,000660.KS,SK하이닉스
2025-12-02,57.78326751499197,000660.KS,SK하이닉스
2025-12-03,57.46464823753109,000660.KS,SK하이닉스
2025-12-04,57.14602896007022,000660.KS,SK하이닉스
2025-12-05,56.82740968260934,000660.KS,SK하이닉스
2025-12-06,56.50879040514847,000660.KS,SK하이닉스
2025-12-07,56.19017112768759,000660.KS,SK하이닉스
2025-12-08,55.87155185022672,000660.KS,SK하이닉스
2025-12-09,55.55293257276584,000660.KS,SK하이닉스
2025-12-10,55.23431329530497,000660.KS,SK하이닉스
2025-12-11,54.915694017844096,000660.KS,SK하이닉스
2025-12-12,54.59707474038322,000660.KS,SK하이닉스
2025-12-13,54.278455462922345,000660.KS,SK하이닉스
2025-12-14,53.95983618546147,000660.KS,SK하이닉스
2025-12-15,53.641216908000594,000660.KS,SK하이닉스
2025-12-16,53.32259763053972,000660.KS,SK하이닉스
2025-12-17,53.00397835307885,000660.KS,SK하이닉스
2025-12-18,52.68535907561797,000660.KS,SK하이닉스
2025-12-19,52.3667397981571,000660.KS,SK하이닉스
2025-12-20,52.04812052069622,000660.KS,SK하이닉스
2025-12-21,51.72950124323535,000660.KS,SK하이닉스
2025-12-22,51.41088196577447,000660.KS,SK하이닉스
2025-12-23,51.0922626883136,000660.KS,SK하이닉스
2025-12-24,50.77364341085272,000660.KS,SK하이닉스
2025-12-25,50.455024133391845,000660.KS,SK하이닉스
2025-12-26,50.13640485593098,000660.KS,SK하이닉스
2025-12-27,49.817785578470094,000660.KS,SK하이닉스
2025-12-28,49.499166301009225,000660.KS,SK하이닉스
2025-12-29,49.18054702354835,000660.KS,SK하이닉스
2025-12-30,48.861927746087474,000660.KS,SK하이닉스
2025-12-31,48.5433084686266,000660.KS,SK하이닉스
2026-01-01,48.22468919116572,000660.KS,SK하이닉스
2026-01-02,47.90606991370485,000660.KS,SK하이닉스
2026-01-03,47.58745063624397,000660.KS,SK하이닉스
2026-01-04,47.2688313587831,000660.KS,SK하이닉스
2026-01-05,46.95021208132222,000660.KS,SK하이닉스
2026-01-06,46.63159280386135,000660.KS,SK하이닉스
2026-01-07,46.31297352640048,000660.KS,SK하이닉스
2026-01-08,45.9943542489396,000660.KS,SK하이닉스
2026-01-09,45.675734971478725,000660.KS,SK하이닉스
2026-01-10,45.35711569401785,000660.KS,SK하이닉스
2026-01-11,45.03849641655698,000660.KS,SK하이닉스
2026-01-12,44.7198771390961,000660.KS,SK하이닉스
2026-01-13,44.40125786163523,000660.KS,SK하이닉스
2026-01-14,44.08263858417435,000660.KS,SK하이닉스
2026-01-15,43.76401930671348,000660.KS,SK하이닉스
2026-01-16,43.4454000292526,000660.KS,SK하이닉스
2026-01-17,43.12678075179173,000660.KS,SK하이닉스
2026-01-18,42.80816147433085,000660.KS,SK하이닉스
2026-01-19,42.48954219686998,000660.KS,SK하이닉스
2026-01-20,42.17092291940911,000660.KS,SK하이닉스
2026-01-21,41.85230364194823,000660.KS,SK하이닉스
2026-01-22,41.53368436448736,000660.KS,SK하이닉스
2026-01-23,41.21506508702648,000660.KS,SK하이닉스
2026-01-24,40.896445809565606,000660.KS,SK하이닉스
2026-01-25,40.57782653210473,000660.KS,SK하이닉스
2026-01-26,40.259207254643854,000660.KS,SK하이닉스
2026-01-27,39.94058797718298,000660.KS,SK하이닉스
2026-01-28,39.6219686997221,000660.KS,SK하이닉스
2026-01-29,39.30334942226124,000660.KS,SK하이닉스
2026-01-30,38.98473014480035,000660.KS,SK하이닉스
2026-01-31,38.66611086733948,000660.KS,SK하이닉스
2026-02-01,38.34749158987861,000660.KS,SK하이닉스
2026-02-02,38.02887231241773,000660.KS,SK하이닉스
2026-02-03,37.71025303495686,000660.KS,SK하이닉스
2026-02-04,37.39163375749598,000660.KS,SK하이닉스
2026-02-05,37.07301448003511,000660.KS,SK하이닉스
2026-02-06,36.75439520257423,000660.KS,SK하이닉스
2026-02-07,36.43577592511336,000660.KS,SK하이닉스
2026-02-08,36.11715664765248,000660.KS,SK하이닉스
2026-02-09,35.79853737019161,000660.KS,SK하이닉스
2026-02-10,35.479918092730735,000660.KS,SK하이닉스
2026-02-11,35.16129881526986,000660.KS,SK하이닉스
2026-02-12,34.84267953780898,000660.KS,SK하이닉스
2026-02-13,34.52406026034811,000660.KS,SK하이닉스
2026-02-14,34.20544098288723,000660.KS,SK하이닉스
2026-02-15,33.88682170542636,000660.KS,SK하이닉스
2026-02-16,33.56820242796549,000660.KS,SK하이닉스
2026-02-17,33.24958315050461,000660.KS,SK하이닉스
2026-02-18,32.93096387304374,000660.KS,SK하이닉스
2026-02-19,32.61234459558286,000660.KS,SK하이닉스
2026-02-20,32.293725318121986,000660.KS,SK하이닉스
2026-02-21,31.97510604066111,000660.KS,SK하이닉스
2026-02-22,31.656486763200235,000660.KS,SK하이닉스
2026-02-23,31.33786748573936,000660.KS,SK하이닉스
2026-02-24,31.019248208278484,000660.KS,SK하이닉스
2026-02-25,30.70062893081761,000660.KS,SK하이닉스
2026-02-26,30.38200965335674,000660.KS,SK하이닉스
2026-02-27,30.063390375895864,000660.KS,SK하이닉스
2026-02-28,29.74477109843499,000660.KS,SK하이닉스
2026-03-01,29.426151820974116,000660.KS,SK하이닉스
2026-03-02,29.10753254351324,000660.KS,SK하이닉스
2026-03-03,28.78891326605236,000660.KS,SK하이닉스
2026-03-04,28.47029398859149,000660.KS,SK하이닉스
2026-03-05,28.151674711130617,000660.KS,SK하이닉스
2026-03-06,27.83305543366974,000660.KS,SK하이닉스
2026-03-07,27.514436156208863,000660.KS,SK하이닉스
2026-03-08,27.19581687874799,000660.KS,SK하이닉스
2026-03-09,26.877197601287115,000660.KS,SK하이닉스
2026-03-10,26.55857832382624,000660.KS,SK하이닉스
2026-03-11,26.239959046365364,000660.KS,SK하이닉스
2026-03-12,25.921339768904488,000660.KS,SK하이닉스
2026-03-13,25.602720491443613,000660.KS,SK하이닉스
2026-03-14,25.284101213982744,000660.KS,SK하이닉스
2026-03-15,24.96548193652187,000660.KS,SK하이닉스
2026-03-16,24.646862659060996,000660.KS,SK하이닉스
2026-03-17,24.32824338160012,000660.KS,SK하이닉스
2026-03-18,24.00962410413924,000660.KS,SK하이닉스
2026-03-19,23.69100482667837,000660.KS,SK하이닉스
2026-03-20,23.37238554921749,000660.KS,SK하이닉스
2026-03-21,23.05376627175661,000660.KS,SK하이닉스
2026-03-22,22.735146994295743,000660.KS,SK하이닉스
2026-03-23,22.41652771683487,000660.KS,SK하이닉스
2026-03-24,22.097908439373995,000660.KS,SK하이닉스
2026-03-25,21.77928916191312,000660.KS,SK하이닉스
2026-03-26,21.460669884452244,000660.KS,SK하이닉스
2026-03-27,21.14205060699137,000660.KS,SK하이닉스
2026-03-28,20.823431329530493,000660.KS,SK하이닉스
2026-03-29,20.504812052069617,000660.KS,SK하이닉스
2026-03-30,20.18619277460874,000660.KS,SK하이닉스
2026-03-31,19.867573497147877,000660.KS,SK하이닉스
2026-04-01,19.548954219687,000660.KS,SK하이닉스
2026-04-02,19.23033494222612,000660.KS,SK하이닉스
2026-04-03,18.911715664765246,000660.KS,SK하이닉스
2026-04-04,18.59309638730437,000660.KS,SK하이닉스
2026-04-05,18.27447710984349,000660.KS,SK하이닉스
2026-04-06,17.95585783238262,000660.KS,SK하이닉스
2026-04-07,17.637238554921744,000660.KS,SK하이닉스
2026-04-08,17.318619277460876,000660.KS,SK하이닉스
2026-04-09,17.0,000660.KS,SK하이닉스
2026-04-10,29.0,000660.KS,SK하이닉스
2026-04-11,31.0,000660.KS,SK하이닉스
2026-04-12,23.0,000660.KS,SK하이닉스
2026-04-13,29.0,000660.KS,SK하이닉스
2026-04-14,38.0,000660.KS,SK하이닉스
2026-04-15,33.0,000660.KS,SK하이닉스
2026-04-16,26.0,000660.KS,SK하이닉스
2026-04-17,50.0,000660.KS,SK하이닉스
2026-04-18,28.0,000660.KS,SK하이닉스
2026-04-19,30.0,000660.KS,SK하이닉스
2026-04-20,43.0,000660.KS,SK하이닉스
2026-04-21,39.0,000660.KS,SK하이닉스
2026-04-22,35.0,000660.KS,SK하이닉스
2026-04-23,38.0,000660.KS,SK하이닉스
2026-04-24,21.0,000660.KS,SK하이닉스
2026-04-25,27.0,000660.KS,SK하이닉스
2026-04-26,27.0,000660.KS,SK하이닉스
2026-04-27,31.0,000660.KS,SK하이닉스
2026-04-28,35.0,000660.KS,SK하이닉스
2026-04-29,27.0,000660.KS,SK하이닉스
2026-04-30,10.0,000660.KS,SK하이닉스
2026-05-01,10.0,000660.KS,SK하이닉스
2026-05-02,5.0,000660.KS,SK하이닉스
2026-05-03,24.0,000660.KS,SK하이닉스
2026-05-04,23.0,000660.KS,SK하이닉스
2026-05-05,12.0,000660.KS,SK하이닉스
2026-05-06,24.0,000660.KS,SK하이닉스
2026-05-07,30.0,000660.KS,SK하이닉스
2026-05-08,40.0,000660.KS,SK하이닉스
2026-05-09,100.0,000660.KS,SK하이닉스
2026-05-10,59.0,000660.KS,SK하이닉스
2026-05-11,28.0,000660.KS,SK하이닉스
2026-05-12,27.0,000660.KS,SK하이닉스
2025-05-12,91.0,035420.KS,네이버
2025-05-13,94.0,035420.KS,네이버
2025-05-14,87.0,035420.KS,네이버
2025-05-15,89.0,035420.KS,네이버
2025-05-16,88.0,035420.KS,네이버
2025-05-17,69.0,035420.KS,네이버
2025-05-18,69.0,035420.KS,네이버
2025-05-19,87.0,035420.KS,네이버
2025-05-20,90.0,035420.KS,네이버
2025-05-21,88.0,035420.KS,네이버
2025-05-22,88.0,035420.KS,네이버
2025-05-23,89.0,035420.KS,네이버
2025-05-24,65.0,035420.KS,네이버
2025-05-25,73.0,035420.KS,네이버
2025-05-26,97.0,035420.KS,네이버
2025-05-27,95.0,035420.KS,네이버
2025-05-28,94.0,035420.KS,네이버
2025-05-29,97.0,035420.KS,네이버
2025-05-30,89.0,035420.KS,네이버
2025-05-31,67.0,035420.KS,네이버
2025-06-01,69.0,035420.KS,네이버
2025-06-02,90.0,035420.KS,네이버
2025-06-03,76.0,035420.KS,네이버
2025-06-04,93.0,035420.KS,네이버
2025-06-05,84.0,035420.KS,네이버
2025-06-06,62.0,035420.KS,네이버
2025-06-07,66.0,035420.KS,네이버
2025-06-08,71.0,035420.KS,네이버
2025-06-09,98.0,035420.KS,네이버
2025-06-10,91.0,035420.KS,네이버
2025-06-11,89.0,035420.KS,네이버
2025-06-12,100.0,035420.KS,네이버
2025-06-13,87.0,035420.KS,네이버
2025-06-14,67.0,035420.KS,네이버
2025-06-15,71.0,035420.KS,네이버
2025-06-16,95.0,035420.KS,네이버
2025-06-17,91.0,035420.KS,네이버
2025-06-18,93.0,035420.KS,네이버
2025-06-19,92.0,035420.KS,네이버
2025-06-20,85.0,035420.KS,네이버
2025-06-21,65.0,035420.KS,네이버
2025-06-22,67.0,035420.KS,네이버
2025-06-23,89.0,035420.KS,네이버
2025-06-24,88.0,035420.KS,네이버
2025-06-25,91.0,035420.KS,네이버
2025-06-26,88.0,035420.KS,네이버
2025-06-27,79.0,035420.KS,네이버
2025-06-28,59.0,035420.KS,네이버
2025-06-29,62.0,035420.KS,네이버
2025-06-30,83.0,035420.KS,네이버
2025-07-01,82.0,035420.KS,네이버
2025-07-02,78.0,035420.KS,네이버
2025-07-03,78.0,035420.KS,네이버
2025-07-04,80.0,035420.KS,네이버
2025-07-05,54.0,035420.KS,네이버
2025-07-06,64.0,035420.KS,네이버
2025-07-07,86.0,035420.KS,네이버
2025-07-08,88.0,035420.KS,네이버
2025-07-09,83.0,035420.KS,네이버
2025-07-10,90.0,035420.KS,네이버
2025-07-11,83.0,035420.KS,네이버
2025-07-12,59.0,035420.KS,네이버
2025-07-13,65.0,035420.KS,네이버
2025-07-14,96.0,035420.KS,네이버
2025-07-15,89.0,035420.KS,네이버
2025-07-16,82.0,035420.KS,네이버
2025-07-17,88.0,035420.KS,네이버
2025-07-18,79.0,035420.KS,네이버
2025-07-19,61.0,035420.KS,네이버
2025-07-20,65.0,035420.KS,네이버
2025-07-21,83.0,035420.KS,네이버
2025-07-22,80.0,035420.KS,네이버
2025-07-23,79.0,035420.KS,네이버
2025-07-24,77.0,035420.KS,네이버
2025-07-25,76.0,035420.KS,네이버
2025-07-26,61.0,035420.KS,네이버
2025-07-27,61.0,035420.KS,네이버
2025-07-28,76.0,035420.KS,네이버
2025-07-29,76.0,035420.KS,네이버
2025-07-30,72.0,035420.KS,네이버
2025-07-31,74.0,035420.KS,네이버
2025-08-01,68.0,035420.KS,네이버
2025-08-02,57.0,035420.KS,네이버
2025-08-03,61.0,035420.KS,네이버
2025-08-04,77.0,035420.KS,네이버
2025-08-05,79.0,035420.KS,네이버
2025-08-06,80.0,035420.KS,네이버
2025-08-07,80.0,035420.KS,네이버
2025-08-08,78.0,035420.KS,네이버
2025-08-09,63.0,035420.KS,네이버
2025-08-10,68.0,035420.KS,네이버
2025-08-11,68.12578616352201,035420.KS,네이버
2025-08-12,68.25157232704403,035420.KS,네이버
2025-08-13,68.37735849056604,035420.KS,네이버
2025-08-14,68.50314465408805,035420.KS,네이버
2025-08-15,68.62893081761007,035420.KS,네이버
2025-08-16,68.75471698113208,035420.KS,네이버
2025-08-17,68.88050314465409,035420.KS,네이버
2025-08-18,69.00628930817611,035420.KS,네이버
2025-08-19,69.13207547169812,035420.KS,네이버
2025-08-20,69.25786163522012,035420.KS,네이버
2025-08-21,69.38364779874213,035420.KS,네이버
2025-08-22,69.50943396226415,035420.KS,네이버
2025-08-23,69.63522012578616,035420.KS,네이버
2025-08-24,69.76100628930817,035420.KS,네이버
2025-08-25,69.88679245283019,035420.KS,네이버
2025-08-26,70.0125786163522,035420.KS,네이버
2025-08-27,70.13836477987421,035420.KS,네이버
2025-08-28,70.26415094339623,035420.KS,네이버
2025-08-29,70.38993710691824,035420.KS,네이버
2025-08-30,70.51572327044025,035420.KS,네이버
2025-08-31,70.64150943396227,035420.KS,네이버
2025-09-01,70.76729559748428,035420.KS,네이버
2025-09-02,70.89308176100629,035420.KS,네이버
2025-09-03,71.01886792452831,035420.KS,네이버
2025-09-04,71.14465408805032,035420.KS,네이버
2025-09-05,71.27044025157232,035420.KS,네이버
2025-09-06,71.39622641509433,035420.KS,네이버
2025-09-07,71.52201257861635,035420.KS,네이버
2025-09-08,71.64779874213836,035420.KS,네이버
2025-09-09,71.77358490566037,035420.KS,네이버
2025-09-10,71.8993710691824,035420.KS,네이버
2025-09-11,72.0251572327044,035420.KS,네이버
2025-09-12,72.15094339622641,035420.KS,네이버
2025-09-13,72.27672955974843,035420.KS,네이버
2025-09-14,72.40251572327044,035420.KS,네이버
2025-09-15,72.52830188679245,035420.KS,네이버
2025-09-16,72.65408805031447,035420.KS,네이버
2025-09-17,72.77987421383648,035420.KS,네이버
2025-09-18,72.90566037735849,035420.KS,네이버
2025-09-19,73.03144654088051,035420.KS,네이버
2025-09-20,73.15723270440252,035420.KS,네이버
2025-09-21,73.28301886792453,035420.KS,네이버
2025-09-22,73.40880503144655,035420.KS,네이버
2025-09-23,73.53459119496856,035420.KS,네이버
2025-09-24,73.66037735849056,035420.KS,네이버
2025-09-25,73.78616352201257,035420.KS,네이버
2025-09-26,73.9119496855346,035420.KS,네이버
2025-09-27,74.0377358490566,035420.KS,네이버
2025-09-28,74.16352201257861,035420.KS,네이버
2025-09-29,74.28930817610063,035420.KS,네이버
2025-09-30,74.41509433962264,035420.KS,네이버
2025-10-01,74.54088050314465,035420.KS,네이버
2025-10-02,74.66666666666667,035420.KS,네이버
2025-10-03,74.79245283018868,035420.KS,네이버
2025-10-04,74.91823899371069,035420.KS,네이버
2025-10-05,75.04402515723271,035420.KS,네이버
2025-10-06,75.16981132075472,035420.KS,네이버
2025-10-07,75.29559748427673,035420.KS,네이버
2025-10-08,75.42138364779875,035420.KS,네이버
2025-10-09,75.54716981132076,035420.KS,네이버
2025-10-10,75.67295597484276,035420.KS,네이버
2025-10-11,75.79874213836479,035420.KS,네이버
2025-10-12,75.9245283018868,035420.KS,네이버
2025-10-13,76.0503144654088,035420.KS,네이버
2025-10-14,76.17610062893081,035420.KS,네이버
2025-10-15,76.30188679245283,035420.KS,네이버
2025-10-16,76.42767295597484,035420.KS,네이버
2025-10-17,76.55345911949685,035420.KS,네이버
2025-10-18,76.67924528301887,035420.KS,네이버
2025-10-19,76.80503144654088,035420.KS,네이버
2025-10-20,76.93081761006289,035420.KS,네이버
2025-10-21,77.05660377358491,035420.KS,네이버
2025-10-22,77.18238993710692,035420.KS,네이버
2025-10-23,77.30817610062893,035420.KS,네이버
2025-10-24,77.43396226415095,035420.KS,네이버
2025-10-25,77.55974842767296,035420.KS,네이버
2025-10-26,77.68553459119497,035420.KS,네이버
2025-10-27,77.81132075471697,035420.KS,네이버
2025-10-28,77.937106918239,035420.KS,네이버
2025-10-29,78.062893081761,035420.KS,네이버
2025-10-30,78.18867924528303,035420.KS,네이버
2025-10-31,78.31446540880503,035420.KS,네이버
2025-11-01,78.44025157232704,035420.KS,네이버
2025-11-02,78.56603773584905,035420.KS,네이버
2025-11-03,78.69182389937107,035420.KS,네이버
2025-11-04,78.81761006289308,035420.KS,네이버
2025-11-05,78.94339622641509,035420.KS,네이버
2025-11-06,79.06918238993711,035420.KS,네이버
2025-11-07,79.19496855345912,035420.KS,네이버
2025-11-08,79.32075471698113,035420.KS,네이버
2025-11-09,79.44654088050315,035420.KS,네이버
2025-11-10,79.57232704402516,035420.KS,네이버
2025-11-11,79.69811320754717,035420.KS,네이버
2025-11-12,79.82389937106919,035420.KS,네이버
2025-11-13,79.9496855345912,035420.KS,네이버
2025-11-14,80.0754716981132,035420.KS,네이버
2025-11-15,80.20125786163521,035420.KS,네이버
2025-11-16,80.32704402515724,035420.KS,네이버
2025-11-17,80.45283018867924,035420.KS,네이버
2025-11-18,80.57861635220127,035420.KS,네이버
2025-11-19,80.70440251572327,035420.KS,네이버
2025-11-20,80.83018867924528,035420.KS,네이버
2025-11-21,80.95597484276729,035420.KS,네이버
2025-11-22,81.08176100628931,035420.KS,네이버
2025-11-23,81.20754716981132,035420.KS,네이버
2025-11-24,81.33333333333333,035420.KS,네이버
2025-11-25,81.45911949685535,035420.KS,네이버
2025-11-26,81.58490566037736,035420.KS,네이버
2025-11-27,81.71069182389937,035420.KS,네이버
2025-11-28,81.83647798742139,035420.KS,네이버
2025-11-29,81.9622641509434,035420.KS,네이버
2025-11-30,82.0880503144654,035420.KS,네이버
2025-12-01,82.21383647798743,035420.KS,네이버
2025-12-02,82.33962264150944,035420.KS,네이버
2025-12-03,82.46540880503144,035420.KS,네이버
2025-12-04,82.59119496855345,035420.KS,네이버
2025-12-05,82.71698113207547,035420.KS,네이버
2025-12-06,82.84276729559748,035420.KS,네이버
2025-12-07,82.96855345911949,035420.KS,네이버
2025-12-08,83.09433962264151,035420.KS,네이버
2025-12-09,83.22012578616352,035420.KS,네이버
2025-12-10,83.34591194968553,035420.KS,네이버
2025-12-11,83.47169811320755,035420.KS,네이버
2025-12-12,83.59748427672956,035420.KS,네이버
2025-12-13,83.72327044025157,035420.KS,네이버
2025-12-14,83.84905660377359,035420.KS,네이버
2025-12-15,83.9748427672956,035420.KS,네이버
2025-12-16,84.1006289308176,035420.KS,네이버
2025-12-17,84.22641509433961,035420.KS,네이버
2025-12-18,84.35220125786164,035420.KS,네이버
2025-12-19,84.47798742138365,035420.KS,네이버
2025-12-20,84.60377358490567,035420.KS,네이버
2025-12-21,84.72955974842768,035420.KS,네이버
2025-12-22,84.85534591194968,035420.KS,네이버
2025-12-23,84.98113207547169,035420.KS,네이버
2025-12-24,85.10691823899371,035420.KS,네이버
2025-12-25,85.23270440251572,035420.KS,네이버
2025-12-26,85.35849056603774,035420.KS,네이버
2025-12-27,85.48427672955975,035420.KS,네이버
2025-12-28,85.61006289308176,035420.KS,네이버
2025-12-29,85.73584905660377,035420.KS,네이버
2025-12-30,85.86163522012579,035420.KS,네이버
2025-12-31,85.9874213836478,035420.KS,네이버
2026-01-01,86.11320754716981,035420.KS,네이버
2026-01-02,86.23899371069183,035420.KS,네이버
2026-01-03,86.36477987421384,035420.KS,네이버
2026-01-04,86.49056603773585,035420.KS,네이버
2026-01-05,86.61635220125785,035420.KS,네이버
2026-01-06,86.74213836477988,035420.KS,네이버
2026-01-07,86.86792452830188,035420.KS,네이버
2026-01-08,86.9937106918239,035420.KS,네이버
2026-01-09,87.11949685534591,035420.KS,네이버
2026-01-10,87.24528301886792,035420.KS,네이버
2026-01-11,87.37106918238993,035420.KS,네이버
2026-01-12,87.49685534591195,035420.KS,네이버
2026-01-13,87.62264150943396,035420.KS,네이버
2026-01-14,87.74842767295597,035420.KS,네이버
2026-01-15,87.87421383647799,035420.KS,네이버
2026-01-16,88.0,035420.KS,네이버
2026-01-17,64.0,035420.KS,네이버
2026-01-18,67.0,035420.KS,네이버
2026-01-19,87.0,035420.KS,네이버
2026-01-20,93.0,035420.KS,네이버
2026-01-21,79.0,035420.KS,네이버
2026-01-22,83.0,035420.KS,네이버
2026-01-23,77.0,035420.KS,네이버
2026-01-24,59.0,035420.KS,네이버
2026-01-25,62.0,035420.KS,네이버
2026-01-26,81.0,035420.KS,네이버
2026-01-27,82.0,035420.KS,네이버
2026-01-28,80.0,035420.KS,네이버
2026-01-29,81.0,035420.KS,네이버
2026-01-30,77.0,035420.KS,네이버
2026-01-31,58.0,035420.KS,네이버
2026-02-01,60.0,035420.KS,네이버
2026-02-02,83.0,035420.KS,네이버
2026-02-03,81.0,035420.KS,네이버
2026-02-04,81.0,035420.KS,네이버
2026-02-05,80.0,035420.KS,네이버
2026-02-06,81.0,035420.KS,네이버
2026-02-07,58.0,035420.KS,네이버
2026-02-08,62.0,035420.KS,네이버
2026-02-09,78.0,035420.KS,네이버
2026-02-10,75.0,035420.KS,네이버
2026-02-11,83.0,035420.KS,네이버
2026-02-12,80.0,035420.KS,네이버
2026-02-13,73.0,035420.KS,네이버
2026-02-14,54.0,035420.KS,네이버
2026-02-15,53.0,035420.KS,네이버
2026-02-16,47.0,035420.KS,네이버
2026-02-17,47.0,035420.KS,네이버
2026-02-18,57.0,035420.KS,네이버
2026-02-19,86.0,035420.KS,네이버
2026-02-20,81.0,035420.KS,네이버
2026-02-21,63.0,035420.KS,네이버
2026-02-22,63.0,035420.KS,네이버
2026-02-23,84.0,035420.KS,네이버
2026-02-24,85.0,035420.KS,네이버
2026-02-25,83.0,035420.KS,네이버
2026-02-26,82.0,035420.KS,네이버
2026-02-27,82.0,035420.KS,네이버
2026-02-28,66.0,035420.KS,네이버
2026-03-01,63.0,035420.KS,네이버
2026-03-02,66.0,035420.KS,네이버
2026-03-03,87.0,035420.KS,네이버
2026-03-04,87.0,035420.KS,네이버
2026-03-05,90.0,035420.KS,네이버
2026-03-06,88.0,035420.KS,네이버
2026-03-07,67.0,035420.KS,네이버
2026-03-08,70.0,035420.KS,네이버
2026-03-09,97.0,035420.KS,네이버
2026-03-10,90.0,035420.KS,네이버
2026-03-11,90.0,035420.KS,네이버
2026-03-12,89.0,035420.KS,네이버
2026-03-13,87.0,035420.KS,네이버
2026-03-14,66.0,035420.KS,네이버
2026-03-15,68.0,035420.KS,네이버
2026-03-16,93.0,035420.KS,네이버
2026-03-17,89.0,035420.KS,네이버
2026-03-18,91.0,035420.KS,네이버
2026-03-19,94.0,035420.KS,네이버
2026-03-20,90.0,035420.KS,네이버
2026-03-21,66.0,035420.KS,네이버
2026-03-22,67.0,035420.KS,네이버
2026-03-23,95.0,035420.KS,네이버
2026-03-24,95.0,035420.KS,네이버
2026-03-25,93.0,035420.KS,네이버
2026-03-26,97.0,035420.KS,네이버
2026-03-27,89.0,035420.KS,네이버
2026-03-28,68.0,035420.KS,네이버
2026-03-29,77.0,035420.KS,네이버
2026-03-30,92.0,035420.KS,네이버
2026-03-31,97.0,035420.KS,네이버
2026-04-01,93.0,035420.KS,네이버
2026-04-02,100.0,035420.KS,네이버
2026-04-03,91.0,035420.KS,네이버
2026-04-04,66.0,035420.KS,네이버
2026-04-05,66.0,035420.KS,네이버
2026-04-06,94.0,035420.KS,네이버
2026-04-07,88.0,035420.KS,네이버
2026-04-08,90.0,035420.KS,네이버
2026-04-09,93.0,035420.KS,네이버
2026-04-10,83.0,035420.KS,네이버
2026-04-11,66.0,035420.KS,네이버
2026-04-12,69.0,035420.KS,네이버
2026-04-13,95.0,035420.KS,네이버
2026-04-14,91.0,035420.KS,네이버
2026-04-15,92.0,035420.KS,네이버
2026-04-16,94.0,035420.KS,네이버
2026-04-17,94.0,035420.KS,네이버
2026-04-18,94.0,035420.KS,네이버
2026-04-19,94.0,035420.KS,네이버
2026-04-20,94.0,035420.KS,네이버
2026-04-21,94.0,035420.KS,네이버
2026-04-22,94.0,035420.KS,네이버
2026-04-23,94.0,035420.KS,네이버
2026-04-24,94.0,035420.KS,네이버
2026-04-25,94.0,035420.KS,네이버
2026-04-26,94.0,035420.KS,네이버
2026-04-27,94.0,035420.KS,네이버
2026-04-28,94.0,035420.KS,네이버
2026-04-29,94.0,035420.KS,네이버
2026-04-30,94.0,035420.KS,네이버
2026-05-01,94.0,035420.KS,네이버
2026-05-02,94.0,035420.KS,네이버
2026-05-03,94.0,035420.KS,네이버
2026-05-04,94.0,035420.KS,네이버
2026-05-05,94.0,035420.KS,네이버
2026-05-06,94.0,035420.KS,네이버
2026-05-07,94.0,035420.KS,네이버
2026-05-08,94.0,035420.KS,네이버
2026-05-09,94.0,035420.KS,네이버
2026-05-10,94.0,035420.KS,네이버
2026-05-11,94.0,035420.KS,네이버
2026-05-12,94.0,035420.KS,네이버
2025-05-12,35.0,012450.KS,한화에어로스페이스
2025-05-13,28.0,012450.KS,한화에어로스페이스
2025-05-14,29.0,012450.KS,한화에어로스페이스
2025-05-15,25.0,012450.KS,한화에어로스페이스
2025-05-16,25.0,012450.KS,한화에어로스페이스
2025-05-17,18.0,012450.KS,한화에어로스페이스
2025-05-18,23.0,012450.KS,한화에어로스페이스
2025-05-19,27.0,012450.KS,한화에어로스페이스
2025-05-20,23.0,012450.KS,한화에어로스페이스
2025-05-21,23.0,012450.KS,한화에어로스페이스
2025-05-22,30.0,012450.KS,한화에어로스페이스
2025-05-23,25.0,012450.KS,한화에어로스페이스
2025-05-24,26.0,012450.KS,한화에어로스페이스
2025-05-25,17.0,012450.KS,한화에어로스페이스
2025-05-26,22.0,012450.KS,한화에어로스페이스
2025-05-27,34.0,012450.KS,한화에어로스페이스
2025-05-28,26.0,012450.KS,한화에어로스페이스
2025-05-29,31.0,012450.KS,한화에어로스페이스
2025-05-30,19.0,012450.KS,한화에어로스페이스
2025-05-31,0.0,012450.KS,한화에어로스페이스
2025-06-01,0.0,012450.KS,한화에어로스페이스
2025-06-02,18.0,012450.KS,한화에어로스페이스
2025-06-03,0.0,012450.KS,한화에어로스페이스
2025-06-04,22.0,012450.KS,한화에어로스페이스
2025-06-05,41.0,012450.KS,한화에어로스페이스
2025-06-06,11.0,012450.KS,한화에어로스페이스
2025-06-07,13.0,012450.KS,한화에어로스페이스
2025-06-08,23.0,012450.KS,한화에어로스페이스
2025-06-09,43.0,012450.KS,한화에어로스페이스
2025-06-10,33.0,012450.KS,한화에어로스페이스
2025-06-11,40.0,012450.KS,한화에어로스페이스
2025-06-12,31.0,012450.KS,한화에어로스페이스
2025-06-13,48.0,012450.KS,한화에어로스페이스
2025-06-14,17.0,012450.KS,한화에어로스페이스
2025-06-15,34.0,012450.KS,한화에어로스페이스
2025-06-16,56.0,012450.KS,한화에어로스페이스
2025-06-17,40.0,012450.KS,한화에어로스페이스
2025-06-18,28.0,012450.KS,한화에어로스페이스
2025-06-19,30.0,012450.KS,한화에어로스페이스
2025-06-20,32.0,012450.KS,한화에어로스페이스
2025-06-21,11.0,012450.KS,한화에어로스페이스
2025-06-22,34.0,012450.KS,한화에어로스페이스
2025-06-23,45.0,012450.KS,한화에어로스페이스
2025-06-24,30.0,012450.KS,한화에어로스페이스
2025-06-25,38.0,012450.KS,한화에어로스페이스
2025-06-26,25.0,012450.KS,한화에어로스페이스
2025-06-27,33.0,012450.KS,한화에어로스페이스
2025-06-28,0.0,012450.KS,한화에어로스페이스
2025-06-29,14.0,012450.KS,한화에어로스페이스
2025-06-30,32.0,012450.KS,한화에어로스페이스
2025-07-01,30.0,012450.KS,한화에어로스페이스
2025-07-02,37.0,012450.KS,한화에어로스페이스
2025-07-03,26.0,012450.KS,한화에어로스페이스
2025-07-04,33.0,012450.KS,한화에어로스페이스
2025-07-05,0.0,012450.KS,한화에어로스페이스
2025-07-06,13.0,012450.KS,한화에어로스페이스
2025-07-07,39.0,012450.KS,한화에어로스페이스
2025-07-08,24.0,012450.KS,한화에어로스페이스
2025-07-09,28.0,012450.KS,한화에어로스페이스
2025-07-10,38.0,012450.KS,한화에어로스페이스
2025-07-11,27.0,012450.KS,한화에어로스페이스
2025-07-12,12.0,012450.KS,한화에어로스페이스
2025-07-13,16.0,012450.KS,한화에어로스페이스
2025-07-14,29.0,012450.KS,한화에어로스페이스
2025-07-15,29.0,012450.KS,한화에어로스페이스
2025-07-16,31.0,012450.KS,한화에어로스페이스
2025-07-17,48.0,012450.KS,한화에어로스페이스
2025-07-18,37.0,012450.KS,한화에어로스페이스
2025-07-19,28.0,012450.KS,한화에어로스페이스
2025-07-20,25.0,012450.KS,한화에어로스페이스
2025-07-21,60.0,012450.KS,한화에어로스페이스
2025-07-22,38.0,012450.KS,한화에어로스페이스
2025-07-23,33.0,012450.KS,한화에어로스페이스
2025-07-24,49.0,012450.KS,한화에어로스페이스
2025-07-25,36.0,012450.KS,한화에어로스페이스
2025-07-26,22.0,012450.KS,한화에어로스페이스
2025-07-27,29.0,012450.KS,한화에어로스페이스
2025-07-28,44.0,012450.KS,한화에어로스페이스
2025-07-29,70.0,012450.KS,한화에어로스페이스
2025-07-30,49.0,012450.KS,한화에어로스페이스
2025-07-31,69.0,012450.KS,한화에어로스페이스
2025-08-01,40.0,012450.KS,한화에어로스페이스
2025-08-02,17.0,012450.KS,한화에어로스페이스
2025-08-03,43.0,012450.KS,한화에어로스페이스
2025-08-04,59.0,012450.KS,한화에어로스페이스
2025-08-05,39.0,012450.KS,한화에어로스페이스
2025-08-06,52.0,012450.KS,한화에어로스페이스
2025-08-07,59.0,012450.KS,한화에어로스페이스
2025-08-08,100.0,012450.KS,한화에어로스페이스
2025-08-09,41.0,012450.KS,한화에어로스페이스
2025-08-10,40.0,012450.KS,한화에어로스페이스
2025-08-11,40.0,012450.KS,한화에어로스페이스
2025-08-12,40.0,012450.KS,한화에어로스페이스
2025-08-13,40.0,012450.KS,한화에어로스페이스
2025-08-14,40.0,012450.KS,한화에어로스페이스
2025-08-15,40.0,012450.KS,한화에어로스페이스
2025-08-16,40.0,012450.KS,한화에어로스페이스
2025-08-17,40.0,012450.KS,한화에어로스페이스
2025-08-18,40.0,012450.KS,한화에어로스페이스
2025-08-19,40.0,012450.KS,한화에어로스페이스
2025-08-20,40.0,012450.KS,한화에어로스페이스
2025-08-21,40.0,012450.KS,한화에어로스페이스
2025-08-22,40.0,012450.KS,한화에어로스페이스
2025-08-23,40.0,012450.KS,한화에어로스페이스
2025-08-24,40.0,012450.KS,한화에어로스페이스
2025-08-25,40.0,012450.KS,한화에어로스페이스
2025-08-26,40.0,012450.KS,한화에어로스페이스
2025-08-27,40.0,012450.KS,한화에어로스페이스
2025-08-28,40.0,012450.KS,한화에어로스페이스
2025-08-29,40.0,012450.KS,한화에어로스페이스
2025-08-30,40.0,012450.KS,한화에어로스페이스
2025-08-31,40.0,012450.KS,한화에어로스페이스
2025-09-01,40.0,012450.KS,한화에어로스페이스
2025-09-02,40.0,012450.KS,한화에어로스페이스
2025-09-03,40.0,012450.KS,한화에어로스페이스
2025-09-04,40.0,012450.KS,한화에어로스페이스
2025-09-05,40.0,012450.KS,한화에어로스페이스
2025-09-06,40.0,012450.KS,한화에어로스페이스
2025-09-07,40.0,012450.KS,한화에어로스페이스
2025-09-08,40.0,012450.KS,한화에어로스페이스
2025-09-09,40.0,012450.KS,한화에어로스페이스
2025-09-10,40.0,012450.KS,한화에어로스페이스
2025-09-11,40.0,012450.KS,한화에어로스페이스
2025-09-12,40.0,012450.KS,한화에어로스페이스
2025-09-13,40.0,012450.KS,한화에어로스페이스
2025-09-14,40.0,012450.KS,한화에어로스페이스
2025-09-15,40.0,012450.KS,한화에어로스페이스
2025-09-16,40.0,012450.KS,한화에어로스페이스
2025-09-17,40.0,012450.KS,한화에어로스페이스
2025-09-18,40.0,012450.KS,한화에어로스페이스
2025-09-19,40.0,012450.KS,한화에어로스페이스
2025-09-20,40.0,012450.KS,한화에어로스페이스
2025-09-21,40.0,012450.KS,한화에어로스페이스
2025-09-22,40.0,012450.KS,한화에어로스페이스
2025-09-23,40.0,012450.KS,한화에어로스페이스
2025-09-24,40.0,012450.KS,한화에어로스페이스
2025-09-25,40.0,012450.KS,한화에어로스페이스
2025-09-26,40.0,012450.KS,한화에어로스페이스
2025-09-27,40.0,012450.KS,한화에어로스페이스
2025-09-28,40.0,012450.KS,한화에어로스페이스
2025-09-29,40.0,012450.KS,한화에어로스페이스
2025-09-30,40.0,012450.KS,한화에어로스페이스
2025-10-01,40.0,012450.KS,한화에어로스페이스
2025-10-02,40.0,012450.KS,한화에어로스페이스
2025-10-03,40.0,012450.KS,한화에어로스페이스
2025-10-04,40.0,012450.KS,한화에어로스페이스
2025-10-05,40.0,012450.KS,한화에어로스페이스
2025-10-06,40.0,012450.KS,한화에어로스페이스
2025-10-07,40.0,012450.KS,한화에어로스페이스
2025-10-08,40.0,012450.KS,한화에어로스페이스
2025-10-09,40.0,012450.KS,한화에어로스페이스
2025-10-10,40.0,012450.KS,한화에어로스페이스
2025-10-11,40.0,012450.KS,한화에어로스페이스
2025-10-12,40.0,012450.KS,한화에어로스페이스
2025-10-13,40.0,012450.KS,한화에어로스페이스
2025-10-14,40.0,012450.KS,한화에어로스페이스
2025-10-15,40.0,012450.KS,한화에어로스페이스
2025-10-16,40.0,012450.KS,한화에어로스페이스
2025-10-17,40.0,012450.KS,한화에어로스페이스
2025-10-18,40.0,012450.KS,한화에어로스페이스
2025-10-19,40.0,012450.KS,한화에어로스페이스
2025-10-20,40.0,012450.KS,한화에어로스페이스
2025-10-21,40.0,012450.KS,한화에어로스페이스
2025-10-22,40.0,012450.KS,한화에어로스페이스
2025-10-23,40.0,012450.KS,한화에어로스페이스
2025-10-24,40.0,012450.KS,한화에어로스페이스
2025-10-25,40.0,012450.KS,한화에어로스페이스
2025-10-26,40.0,012450.KS,한화에어로스페이스
2025-10-27,40.0,012450.KS,한화에어로스페이스
2025-10-28,40.0,012450.KS,한화에어로스페이스
2025-10-29,40.0,012450.KS,한화에어로스페이스
2025-10-30,40.0,012450.KS,한화에어로스페이스
2025-10-31,40.0,012450.KS,한화에어로스페이스
2025-11-01,40.0,012450.KS,한화에어로스페이스
2025-11-02,40.0,012450.KS,한화에어로스페이스
2025-11-03,40.0,012450.KS,한화에어로스페이스
2025-11-04,40.0,012450.KS,한화에어로스페이스
2025-11-05,40.0,012450.KS,한화에어로스페이스
2025-11-06,40.0,012450.KS,한화에어로스페이스
2025-11-07,40.0,012450.KS,한화에어로스페이스
2025-11-08,40.0,012450.KS,한화에어로스페이스
2025-11-09,40.0,012450.KS,한화에어로스페이스
2025-11-10,40.0,012450.KS,한화에어로스페이스
2025-11-11,40.0,012450.KS,한화에어로스페이스
2025-11-12,40.0,012450.KS,한화에어로스페이스
2025-11-13,40.0,012450.KS,한화에어로스페이스
2025-11-14,40.0,012450.KS,한화에어로스페이스
2025-11-15,40.0,012450.KS,한화에어로스페이스
2025-11-16,40.0,012450.KS,한화에어로스페이스
2025-11-17,40.0,012450.KS,한화에어로스페이스
2025-11-18,40.0,012450.KS,한화에어로스페이스
2025-11-19,40.0,012450.KS,한화에어로스페이스
2025-11-20,40.0,012450.KS,한화에어로스페이스
2025-11-21,40.0,012450.KS,한화에어로스페이스
2025-11-22,40.0,012450.KS,한화에어로스페이스
2025-11-23,40.0,012450.KS,한화에어로스페이스
2025-11-24,40.0,012450.KS,한화에어로스페이스
2025-11-25,40.0,012450.KS,한화에어로스페이스
2025-11-26,40.0,012450.KS,한화에어로스페이스
2025-11-27,40.0,012450.KS,한화에어로스페이스
2025-11-28,40.0,012450.KS,한화에어로스페이스
2025-11-29,40.0,012450.KS,한화에어로스페이스
2025-11-30,40.0,012450.KS,한화에어로스페이스
2025-12-01,40.0,012450.KS,한화에어로스페이스
2025-12-02,40.0,012450.KS,한화에어로스페이스
2025-12-03,40.0,012450.KS,한화에어로스페이스
2025-12-04,40.0,012450.KS,한화에어로스페이스
2025-12-05,40.0,012450.KS,한화에어로스페이스
2025-12-06,40.0,012450.KS,한화에어로스페이스
2025-12-07,40.0,012450.KS,한화에어로스페이스
2025-12-08,40.0,012450.KS,한화에어로스페이스
2025-12-09,40.0,012450.KS,한화에어로스페이스
2025-12-10,40.0,012450.KS,한화에어로스페이스
2025-12-11,40.0,012450.KS,한화에어로스페이스
2025-12-12,40.0,012450.KS,한화에어로스페이스
2025-12-13,40.0,012450.KS,한화에어로스페이스
2025-12-14,40.0,012450.KS,한화에어로스페이스
2025-12-15,40.0,012450.KS,한화에어로스페이스
2025-12-16,40.0,012450.KS,한화에어로스페이스
2025-12-17,40.0,012450.KS,한화에어로스페이스
2025-12-18,40.0,012450.KS,한화에어로스페이스
2025-12-19,40.0,012450.KS,한화에어로스페이스
2025-12-20,40.0,012450.KS,한화에어로스페이스
2025-12-21,40.0,012450.KS,한화에어로스페이스
2025-12-22,40.0,012450.KS,한화에어로스페이스
2025-12-23,40.0,012450.KS,한화에어로스페이스
2025-12-24,40.0,012450.KS,한화에어로스페이스
2025-12-25,40.0,012450.KS,한화에어로스페이스
2025-12-26,40.0,012450.KS,한화에어로스페이스
2025-12-27,40.0,012450.KS,한화에어로스페이스
2025-12-28,40.0,012450.KS,한화에어로스페이스
2025-12-29,40.0,012450.KS,한화에어로스페이스
2025-12-30,40.0,012450.KS,한화에어로스페이스
2025-12-31,40.0,012450.KS,한화에어로스페이스
2026-01-01,40.0,012450.KS,한화에어로스페이스
2026-01-02,40.0,012450.KS,한화에어로스페이스
2026-01-03,40.0,012450.KS,한화에어로스페이스
2026-01-04,40.0,012450.KS,한화에어로스페이스
2026-01-05,40.0,012450.KS,한화에어로스페이스
2026-01-06,40.0,012450.KS,한화에어로스페이스
2026-01-07,40.0,012450.KS,한화에어로스페이스
2026-01-08,40.0,012450.KS,한화에어로스페이스
2026-01-09,40.0,012450.KS,한화에어로스페이스
2026-01-10,40.0,012450.KS,한화에어로스페이스
2026-01-11,40.0,012450.KS,한화에어로스페이스
2026-01-12,40.0,012450.KS,한화에어로스페이스
2026-01-13,40.0,012450.KS,한화에어로스페이스
2026-01-14,40.0,012450.KS,한화에어로스페이스
2026-01-15,40.0,012450.KS,한화에어로스페이스
2026-01-16,40.0,012450.KS,한화에어로스페이스
2026-01-17,40.0,012450.KS,한화에어로스페이스
2026-01-18,40.0,012450.KS,한화에어로스페이스
2026-01-19,40.0,012450.KS,한화에어로스페이스
2026-01-20,40.0,012450.KS,한화에어로스페이스
2026-01-21,40.0,012450.KS,한화에어로스페이스
2026-01-22,40.0,012450.KS,한화에어로스페이스
2026-01-23,40.0,012450.KS,한화에어로스페이스
2026-01-24,40.0,012450.KS,한화에어로스페이스
2026-01-25,40.0,012450.KS,한화에어로스페이스
2026-01-26,40.0,012450.KS,한화에어로스페이스
2026-01-27,40.0,012450.KS,한화에어로스페이스
2026-01-28,40.0,012450.KS,한화에어로스페이스
2026-01-29,40.0,012450.KS,한화에어로스페이스
2026-01-30,40.0,012450.KS,한화에어로스페이스
2026-01-31,40.0,012450.KS,한화에어로스페이스
2026-02-01,40.0,012450.KS,한화에어로스페이스
2026-02-02,40.0,012450.KS,한화에어로스페이스
2026-02-03,40.0,012450.KS,한화에어로스페이스
2026-02-04,40.0,012450.KS,한화에어로스페이스
2026-02-05,40.0,012450.KS,한화에어로스페이스
2026-02-06,40.0,012450.KS,한화에어로스페이스
2026-02-07,40.0,012450.KS,한화에어로스페이스
2026-02-08,40.0,012450.KS,한화에어로스페이스
2026-02-09,40.0,012450.KS,한화에어로스페이스
2026-02-10,40.0,012450.KS,한화에어로스페이스
2026-02-11,40.0,012450.KS,한화에어로스페이스
2026-02-12,40.0,012450.KS,한화에어로스페이스
2026-02-13,40.0,012450.KS,한화에어로스페이스
2026-02-14,40.0,012450.KS,한화에어로스페이스
2026-02-15,40.0,012450.KS,한화에어로스페이스
2026-02-16,40.0,012450.KS,한화에어로스페이스
2026-02-17,40.0,012450.KS,한화에어로스페이스
2026-02-18,40.0,012450.KS,한화에어로스페이스
2026-02-19,40.0,012450.KS,한화에어로스페이스
2026-02-20,40.0,012450.KS,한화에어로스페이스
2026-02-21,40.0,012450.KS,한화에어로스페이스
2026-02-22,40.0,012450.KS,한화에어로스페이스
2026-02-23,40.0,012450.KS,한화에어로스페이스
2026-02-24,40.0,012450.KS,한화에어로스페이스
2026-02-25,40.0,012450.KS,한화에어로스페이스
2026-02-26,40.0,012450.KS,한화에어로스페이스
2026-02-27,40.0,012450.KS,한화에어로스페이스
2026-02-28,40.0,012450.KS,한화에어로스페이스
2026-03-01,40.0,012450.KS,한화에어로스페이스
2026-03-02,40.0,012450.KS,한화에어로스페이스
2026-03-03,40.0,012450.KS,한화에어로스페이스
2026-03-04,40.0,012450.KS,한화에어로스페이스
2026-03-05,40.0,012450.KS,한화에어로스페이스
2026-03-06,40.0,012450.KS,한화에어로스페이스
2026-03-07,40.0,012450.KS,한화에어로스페이스
2026-03-08,40.0,012450.KS,한화에어로스페이스
2026-03-09,40.0,012450.KS,한화에어로스페이스
2026-03-10,40.0,012450.KS,한화에어로스페이스
2026-03-11,40.0,012450.KS,한화에어로스페이스
2026-03-12,40.0,012450.KS,한화에어로스페이스
2026-03-13,40.0,012450.KS,한화에어로스페이스
2026-03-14,40.0,012450.KS,한화에어로스페이스
2026-03-15,40.0,012450.KS,한화에어로스페이스
2026-03-16,40.0,012450.KS,한화에어로스페이스
2026-03-17,40.0,012450.KS,한화에어로스페이스
2026-03-18,40.0,012450.KS,한화에어로스페이스
2026-03-19,40.0,012450.KS,한화에어로스페이스
2026-03-20,40.0,012450.KS,한화에어로스페이스
2026-03-21,40.0,012450.KS,한화에어로스페이스
2026-03-22,40.0,012450.KS,한화에어로스페이스
2026-03-23,40.0,012450.KS,한화에어로스페이스
2026-03-24,40.0,012450.KS,한화에어로스페이스
2026-03-25,40.0,012450.KS,한화에어로스페이스
2026-03-26,40.0,012450.KS,한화에어로스페이스
2026-03-27,40.0,012450.KS,한화에어로스페이스
2026-03-28,40.0,012450.KS,한화에어로스페이스
2026-03-29,40.0,012450.KS,한화에어로스페이스
2026-03-30,40.0,012450.KS,한화에어로스페이스
2026-03-31,40.0,012450.KS,한화에어로스페이스
2026-04-01,40.0,012450.KS,한화에어로스페이스
2026-04-02,40.0,012450.KS,한화에어로스페이스
2026-04-03,40.0,012450.KS,한화에어로스페이스
2026-04-04,40.0,012450.KS,한화에어로스페이스
2026-04-05,40.0,012450.KS,한화에어로스페이스
2026-04-06,40.0,012450.KS,한화에어로스페이스
2026-04-07,40.0,012450.KS,한화에어로스페이스
2026-04-08,40.0,012450.KS,한화에어로스페이스
2026-04-09,40.0,012450.KS,한화에어로스페이스
2026-04-10,40.0,012450.KS,한화에어로스페이스
2026-04-11,40.0,012450.KS,한화에어로스페이스
2026-04-12,40.0,012450.KS,한화에어로스페이스
2026-04-13,40.0,012450.KS,한화에어로스페이스
2026-04-14,40.0,012450.KS,한화에어로스페이스
2026-04-15,40.0,012450.KS,한화에어로스페이스
2026-04-16,40.0,012450.KS,한화에어로스페이스
2026-04-17,40.0,012450.KS,한화에어로스페이스
2026-04-18,40.0,012450.KS,한화에어로스페이스
2026-04-19,40.0,012450.KS,한화에어로스페이스
2026-04-20,40.0,012450.KS,한화에어로스페이스
2026-04-21,40.0,012450.KS,한화에어로스페이스
2026-04-22,40.0,012450.KS,한화에어로스페이스
2026-04-23,40.0,012450.KS,한화에어로스페이스
2026-04-24,40.0,012450.KS,한화에어로스페이스
2026-04-25,40.0,012450.KS,한화에어로스페이스
2026-04-26,40.0,012450.KS,한화에어로스페이스
2026-04-27,40.0,012450.KS,한화에어로스페이스
2026-04-28,40.0,012450.KS,한화에어로스페이스
2026-04-29,40.0,012450.KS,한화에어로스페이스
2026-04-30,40.0,012450.KS,한화에어로스페이스
2026-05-01,40.0,012450.KS,한화에어로스페이스
2026-05-02,40.0,012450.KS,한화에어로스페이스
2026-05-03,40.0,012450.KS,한화에어로스페이스
2026-05-04,40.0,012450.KS,한화에어로스페이스
2026-05-05,40.0,012450.KS,한화에어로스페이스
2026-05-06,40.0,012450.KS,한화에어로스페이스
2026-05-07,40.0,012450.KS,한화에어로스페이스
2026-05-08,40.0,012450.KS,한화에어로스페이스
2026-05-09,40.0,012450.KS,한화에어로스페이스
2026-05-10,40.0,012450.KS,한화에어로스페이스
2026-05-11,40.0,012450.KS,한화에어로스페이스
2026-05-12,40.0,012450.KS,한화에어로스페이스
2025-05-12,60.0,066570.KS,LG전자
2025-05-13,34.0,066570.KS,LG전자
2025-05-14,45.0,066570.KS,LG전자
2025-05-15,53.0,066570.KS,LG전자
2025-05-16,45.0,066570.KS,LG전자
2025-05-17,28.0,066570.KS,LG전자
2025-05-18,24.0,066570.KS,LG전자
2025-05-19,52.0,066570.KS,LG전자
2025-05-20,66.0,066570.KS,LG전자
2025-05-21,62.0,066570.KS,LG전자
2025-05-22,53.0,066570.KS,LG전자
2025-05-23,44.0,066570.KS,LG전자
2025-05-24,22.0,066570.KS,LG전자
2025-05-25,34.0,066570.KS,LG전자
2025-05-26,60.0,066570.KS,LG전자
2025-05-27,61.0,066570.KS,LG전자
2025-05-28,42.0,066570.KS,LG전자
2025-05-29,60.0,066570.KS,LG전자
2025-05-30,48.0,066570.KS,LG전자
2025-05-31,32.0,066570.KS,LG전자
2025-06-01,22.0,066570.KS,LG전자
2025-06-02,54.0,066570.KS,LG전자
2025-06-03,32.0,066570.KS,LG전자
2025-06-04,47.0,066570.KS,LG전자
2025-06-05,53.0,066570.KS,LG전자
2025-06-06,36.0,066570.KS,LG전자
2025-06-07,29.0,066570.KS,LG전자
2025-06-08,49.0,066570.KS,LG전자
2025-06-09,79.0,066570.KS,LG전자
2025-06-10,64.0,066570.KS,LG전자
2025-06-11,58.0,066570.KS,LG전자
2025-06-12,69.0,066570.KS,LG전자
2025-06-13,51.0,066570.KS,LG전자
2025-06-14,53.0,066570.KS,LG전자
2025-06-15,58.0,066570.KS,LG전자
2025-06-16,78.0,066570.KS,LG전자
2025-06-17,73.0,066570.KS,LG전자
2025-06-18,68.0,066570.KS,LG전자
2025-06-19,53.0,066570.KS,LG전자
2025-06-20,57.0,066570.KS,LG전자
2025-06-21,35.0,066570.KS,LG전자
2025-06-22,35.0,066570.KS,LG전자
2025-06-23,67.0,066570.KS,LG전자
2025-06-24,53.0,066570.KS,LG전자
2025-06-25,54.0,066570.KS,LG전자
2025-06-26,50.0,066570.KS,LG전자
2025-06-27,52.0,066570.KS,LG전자
2025-06-28,28.0,066570.KS,LG전자
2025-06-29,39.0,066570.KS,LG전자
2025-06-30,75.0,066570.KS,LG전자
2025-07-01,68.0,066570.KS,LG전자
2025-07-02,66.0,066570.KS,LG전자
2025-07-03,50.0,066570.KS,LG전자
2025-07-04,61.0,066570.KS,LG전자
2025-07-05,31.0,066570.KS,LG전자
2025-07-06,44.0,066570.KS,LG전자
2025-07-07,94.0,066570.KS,LG전자
2025-07-08,81.0,066570.KS,LG전자
2025-07-09,69.0,066570.KS,LG전자
2025-07-10,72.0,066570.KS,LG전자
2025-07-11,55.0,066570.KS,LG전자
2025-07-12,36.0,066570.KS,LG전자
2025-07-13,32.0,066570.KS,LG전자
2025-07-14,68.0,066570.KS,LG전자
2025-07-15,60.0,066570.KS,LG전자
2025-07-16,62.0,066570.KS,LG전자
2025-07-17,53.0,066570.KS,LG전자
2025-07-18,45.0,066570.KS,LG전자
2025-07-19,46.0,066570.KS,LG전자
2025-07-20,50.0,066570.KS,LG전자
2025-07-21,78.0,066570.KS,LG전자
2025-07-22,71.0,066570.KS,LG전자
2025-07-23,72.0,066570.KS,LG전자
2025-07-24,71.0,066570.KS,LG전자
2025-07-25,58.0,066570.KS,LG전자
2025-07-26,41.0,066570.KS,LG전자
2025-07-27,45.0,066570.KS,LG전자
2025-07-28,80.0,066570.KS,LG전자
2025-07-29,75.0,066570.KS,LG전자
2025-07-30,91.0,066570.KS,LG전자
2025-07-31,66.0,066570.KS,LG전자
2025-08-01,70.0,066570.KS,LG전자
2025-08-02,61.0,066570.KS,LG전자
2025-08-03,52.0,066570.KS,LG전자
2025-08-04,85.0,066570.KS,LG전자
2025-08-05,100.0,066570.KS,LG전자
2025-08-06,88.0,066570.KS,LG전자
2025-08-07,97.0,066570.KS,LG전자
2025-08-08,87.0,066570.KS,LG전자
2025-08-09,70.0,066570.KS,LG전자
2025-08-10,73.0,066570.KS,LG전자
2025-08-11,73.0,066570.KS,LG전자
2025-08-12,73.0,066570.KS,LG전자
2025-08-13,73.0,066570.KS,LG전자
2025-08-14,73.0,066570.KS,LG전자
2025-08-15,73.0,066570.KS,LG전자
2025-08-16,73.0,066570.KS,LG전자
2025-08-17,73.0,066570.KS,LG전자
2025-08-18,73.0,066570.KS,LG전자
2025-08-19,73.0,066570.KS,LG전자
2025-08-20,73.0,066570.KS,LG전자
2025-08-21,73.0,066570.KS,LG전자
2025-08-22,73.0,066570.KS,LG전자
2025-08-23,73.0,066570.KS,LG전자
2025-08-24,73.0,066570.KS,LG전자
2025-08-25,73.0,066570.KS,LG전자
2025-08-26,73.0,066570.KS,LG전자
2025-08-27,73.0,066570.KS,LG전자
2025-08-28,73.0,066570.KS,LG전자
2025-08-29,73.0,066570.KS,LG전자
2025-08-30,73.0,066570.KS,LG전자
2025-08-31,73.0,066570.KS,LG전자
2025-09-01,73.0,066570.KS,LG전자
2025-09-02,73.0,066570.KS,LG전자
2025-09-03,73.0,066570.KS,LG전자
2025-09-04,73.0,066570.KS,LG전자
2025-09-05,73.0,066570.KS,LG전자
2025-09-06,73.0,066570.KS,LG전자
2025-09-07,73.0,066570.KS,LG전자
2025-09-08,73.0,066570.KS,LG전자
2025-09-09,73.0,066570.KS,LG전자
2025-09-10,73.0,066570.KS,LG전자
2025-09-11,73.0,066570.KS,LG전자
2025-09-12,73.0,066570.KS,LG전자
2025-09-13,73.0,066570.KS,LG전자
2025-09-14,73.0,066570.KS,LG전자
2025-09-15,73.0,066570.KS,LG전자
2025-09-16,73.0,066570.KS,LG전자
2025-09-17,73.0,066570.KS,LG전자
2025-09-18,73.0,066570.KS,LG전자
2025-09-19,73.0,066570.KS,LG전자
2025-09-20,73.0,066570.KS,LG전자
2025-09-21,73.0,066570.KS,LG전자
2025-09-22,73.0,066570.KS,LG전자
2025-09-23,73.0,066570.KS,LG전자
2025-09-24,73.0,066570.KS,LG전자
2025-09-25,73.0,066570.KS,LG전자
2025-09-26,73.0,066570.KS,LG전자
2025-09-27,73.0,066570.KS,LG전자
2025-09-28,73.0,066570.KS,LG전자
2025-09-29,73.0,066570.KS,LG전자
2025-09-30,73.0,066570.KS,LG전자
2025-10-01,73.0,066570.KS,LG전자
2025-10-02,73.0,066570.KS,LG전자
2025-10-03,73.0,066570.KS,LG전자
2025-10-04,73.0,066570.KS,LG전자
2025-10-05,73.0,066570.KS,LG전자
2025-10-06,73.0,066570.KS,LG전자
2025-10-07,73.0,066570.KS,LG전자
2025-10-08,73.0,066570.KS,LG전자
2025-10-09,73.0,066570.KS,LG전자
2025-10-10,73.0,066570.KS,LG전자
2025-10-11,73.0,066570.KS,LG전자
2025-10-12,73.0,066570.KS,LG전자
2025-10-13,73.0,066570.KS,LG전자
2025-10-14,73.0,066570.KS,LG전자
2025-10-15,73.0,066570.KS,LG전자
2025-10-16,73.0,066570.KS,LG전자
2025-10-17,73.0,066570.KS,LG전자
2025-10-18,73.0,066570.KS,LG전자
2025-10-19,73.0,066570.KS,LG전자
2025-10-20,73.0,066570.KS,LG전자
2025-10-21,73.0,066570.KS,LG전자
2025-10-22,73.0,066570.KS,LG전자
2025-10-23,73.0,066570.KS,LG전자
2025-10-24,73.0,066570.KS,LG전자
2025-10-25,73.0,066570.KS,LG전자
2025-10-26,73.0,066570.KS,LG전자
2025-10-27,73.0,066570.KS,LG전자
2025-10-28,73.0,066570.KS,LG전자
2025-10-29,73.0,066570.KS,LG전자
2025-10-30,73.0,066570.KS,LG전자
2025-10-31,73.0,066570.KS,LG전자
2025-11-01,73.0,066570.KS,LG전자
2025-11-02,73.0,066570.KS,LG전자
2025-11-03,73.0,066570.KS,LG전자
2025-11-04,73.0,066570.KS,LG전자
2025-11-05,73.0,066570.KS,LG전자
2025-11-06,73.0,066570.KS,LG전자
2025-11-07,73.0,066570.KS,LG전자
2025-11-08,73.0,066570.KS,LG전자
2025-11-09,73.0,066570.KS,LG전자
2025-11-10,73.0,066570.KS,LG전자
2025-11-11,73.0,066570.KS,LG전자
2025-11-12,73.0,066570.KS,LG전자
2025-11-13,73.0,066570.KS,LG전자
2025-11-14,73.0,066570.KS,LG전자
2025-11-15,73.0,066570.KS,LG전자
2025-11-16,73.0,066570.KS,LG전자
2025-11-17,73.0,066570.KS,LG전자
2025-11-18,73.0,066570.KS,LG전자
2025-11-19,73.0,066570.KS,LG전자
2025-11-20,73.0,066570.KS,LG전자
2025-11-21,73.0,066570.KS,LG전자
2025-11-22,73.0,066570.KS,LG전자
2025-11-23,73.0,066570.KS,LG전자
2025-11-24,73.0,066570.KS,LG전자
2025-11-25,73.0,066570.KS,LG전자
2025-11-26,73.0,066570.KS,LG전자
2025-11-27,73.0,066570.KS,LG전자
2025-11-28,73.0,066570.KS,LG전자
2025-11-29,73.0,066570.KS,LG전자
2025-11-30,73.0,066570.KS,LG전자
2025-12-01,73.0,066570.KS,LG전자
2025-12-02,73.0,066570.KS,LG전자
2025-12-03,73.0,066570.KS,LG전자
2025-12-04,73.0,066570.KS,LG전자
2025-12-05,73.0,066570.KS,LG전자
2025-12-06,73.0,066570.KS,LG전자
2025-12-07,73.0,066570.KS,LG전자
2025-12-08,73.0,066570.KS,LG전자
2025-12-09,73.0,066570.KS,LG전자
2025-12-10,73.0,066570.KS,LG전자
2025-12-11,73.0,066570.KS,LG전자
2025-12-12,73.0,066570.KS,LG전자
2025-12-13,73.0,066570.KS,LG전자
2025-12-14,73.0,066570.KS,LG전자
2025-12-15,73.0,066570.KS,LG전자
2025-12-16,73.0,066570.KS,LG전자
2025-12-17,73.0,066570.KS,LG전자
2025-12-18,73.0,066570.KS,LG전자
2025-12-19,73.0,066570.KS,LG전자
2025-12-20,73.0,066570.KS,LG전자
2025-12-21,73.0,066570.KS,LG전자
2025-12-22,73.0,066570.KS,LG전자
2025-12-23,73.0,066570.KS,LG전자
2025-12-24,73.0,066570.KS,LG전자
2025-12-25,73.0,066570.KS,LG전자
2025-12-26,73.0,066570.KS,LG전자
2025-12-27,73.0,066570.KS,LG전자
2025-12-28,73.0,066570.KS,LG전자
2025-12-29,73.0,066570.KS,LG전자
2025-12-30,73.0,066570.KS,LG전자
2025-12-31,73.0,066570.KS,LG전자
2026-01-01,73.0,066570.KS,LG전자
2026-01-02,73.0,066570.KS,LG전자
2026-01-03,73.0,066570.KS,LG전자
2026-01-04,73.0,066570.KS,LG전자
2026-01-05,73.0,066570.KS,LG전자
2026-01-06,73.0,066570.KS,LG전자
2026-01-07,73.0,066570.KS,LG전자
2026-01-08,73.0,066570.KS,LG전자
2026-01-09,73.0,066570.KS,LG전자
2026-01-10,73.0,066570.KS,LG전자
2026-01-11,73.0,066570.KS,LG전자
2026-01-12,73.0,066570.KS,LG전자
2026-01-13,73.0,066570.KS,LG전자
2026-01-14,73.0,066570.KS,LG전자
2026-01-15,73.0,066570.KS,LG전자
2026-01-16,73.0,066570.KS,LG전자
2026-01-17,73.0,066570.KS,LG전자
2026-01-18,73.0,066570.KS,LG전자
2026-01-19,73.0,066570.KS,LG전자
2026-01-20,73.0,066570.KS,LG전자
2026-01-21,73.0,066570.KS,LG전자
2026-01-22,73.0,066570.KS,LG전자
2026-01-23,73.0,066570.KS,LG전자
2026-01-24,73.0,066570.KS,LG전자
2026-01-25,73.0,066570.KS,LG전자
2026-01-26,73.0,066570.KS,LG전자
2026-01-27,73.0,066570.KS,LG전자
2026-01-28,73.0,066570.KS,LG전자
2026-01-29,73.0,066570.KS,LG전자
2026-01-30,73.0,066570.KS,LG전자
2026-01-31,73.0,066570.KS,LG전자
2026-02-01,73.0,066570.KS,LG전자
2026-02-02,73.0,066570.KS,LG전자
2026-02-03,73.0,066570.KS,LG전자
2026-02-04,73.0,066570.KS,LG전자
2026-02-05,73.0,066570.KS,LG전자
2026-02-06,73.0,066570.KS,LG전자
2026-02-07,73.0,066570.KS,LG전자
2026-02-08,73.0,066570.KS,LG전자
2026-02-09,73.0,066570.KS,LG전자
2026-02-10,73.0,066570.KS,LG전자
2026-02-11,73.0,066570.KS,LG전자
2026-02-12,73.0,066570.KS,LG전자
2026-02-13,73.0,066570.KS,LG전자
2026-02-14,73.0,066570.KS,LG전자
2026-02-15,73.0,066570.KS,LG전자
2026-02-16,73.0,066570.KS,LG전자
2026-02-17,73.0,066570.KS,LG전자
2026-02-18,73.0,066570.KS,LG전자
2026-02-19,73.0,066570.KS,LG전자
2026-02-20,73.0,066570.KS,LG전자
2026-02-21,73.0,066570.KS,LG전자
2026-02-22,73.0,066570.KS,LG전자
2026-02-23,73.0,066570.KS,LG전자
2026-02-24,73.0,066570.KS,LG전자
2026-02-25,73.0,066570.KS,LG전자
2026-02-26,73.0,066570.KS,LG전자
2026-02-27,73.0,066570.KS,LG전자
2026-02-28,73.0,066570.KS,LG전자
2026-03-01,73.0,066570.KS,LG전자
2026-03-02,73.0,066570.KS,LG전자
2026-03-03,73.0,066570.KS,LG전자
2026-03-04,73.0,066570.KS,LG전자
2026-03-05,73.0,066570.KS,LG전자
2026-03-06,73.0,066570.KS,LG전자
2026-03-07,73.0,066570.KS,LG전자
2026-03-08,73.0,066570.KS,LG전자
2026-03-09,73.0,066570.KS,LG전자
2026-03-10,73.0,066570.KS,LG전자
2026-03-11,73.0,066570.KS,LG전자
2026-03-12,73.0,066570.KS,LG전자
2026-03-13,73.0,066570.KS,LG전자
2026-03-14,73.0,066570.KS,LG전자
2026-03-15,73.0,066570.KS,LG전자
2026-03-16,73.0,066570.KS,LG전자
2026-03-17,73.0,066570.KS,LG전자
2026-03-18,73.0,066570.KS,LG전자
2026-03-19,73.0,066570.KS,LG전자
2026-03-20,73.0,066570.KS,LG전자
2026-03-21,73.0,066570.KS,LG전자
2026-03-22,73.0,066570.KS,LG전자
2026-03-23,73.0,066570.KS,LG전자
2026-03-24,73.0,066570.KS,LG전자
2026-03-25,73.0,066570.KS,LG전자
2026-03-26,73.0,066570.KS,LG전자
2026-03-27,73.0,066570.KS,LG전자
2026-03-28,73.0,066570.KS,LG전자
2026-03-29,73.0,066570.KS,LG전자
2026-03-30,73.0,066570.KS,LG전자
2026-03-31,73.0,066570.KS,LG전자
2026-04-01,73.0,066570.KS,LG전자
2026-04-02,73.0,066570.KS,LG전자
2026-04-03,73.0,066570.KS,LG전자
2026-04-04,73.0,066570.KS,LG전자
2026-04-05,73.0,066570.KS,LG전자
2026-04-06,73.0,066570.KS,LG전자
2026-04-07,73.0,066570.KS,LG전자
2026-04-08,73.0,066570.KS,LG전자
2026-04-09,73.0,066570.KS,LG전자
2026-04-10,73.0,066570.KS,LG전자
2026-04-11,73.0,066570.KS,LG전자
2026-04-12,73.0,066570.KS,LG전자
2026-04-13,73.0,066570.KS,LG전자
2026-04-14,73.0,066570.KS,LG전자
2026-04-15,73.0,066570.KS,LG전자
2026-04-16,73.0,066570.KS,LG전자
2026-04-17,73.0,066570.KS,LG전자
2026-04-18,73.0,066570.KS,LG전자
2026-04-19,73.0,066570.KS,LG전자
2026-04-20,73.0,066570.KS,LG전자
2026-04-21,73.0,066570.KS,LG전자
2026-04-22,73.0,066570.KS,LG전자
2026-04-23,73.0,066570.KS,LG전자
2026-04-24,73.0,066570.KS,LG전자
2026-04-25,73.0,066570.KS,LG전자
2026-04-26,73.0,066570.KS,LG전자
2026-04-27,73.0,066570.KS,LG전자
2026-04-28,73.0,066570.KS,LG전자
2026-04-29,73.0,066570.KS,LG전자
2026-04-30,73.0,066570.KS,LG전자
2026-05-01,73.0,066570.KS,LG전자
2026-05-02,73.0,066570.KS,LG전자
2026-05-03,73.0,066570.KS,LG전자
2026-05-04,73.0,066570.KS,LG전자
2026-05-05,73.0,066570.KS,LG전자
2026-05-06,73.0,066570.KS,LG전자
2026-05-07,73.0,066570.KS,LG전자
2026-05-08,73.0,066570.KS,LG전자
2026-05-09,73.0,066570.KS,LG전자
2026-05-10,73.0,066570.KS,LG전자
2026-05-11,73.0,066570.KS,LG전자
2026-05-12,73.0,066570.KS,LG전자
2025-05-12,40.0,005380.KS,현대차
2025-05-13,31.0,005380.KS,현대차
2025-05-14,39.0,005380.KS,현대차
2025-05-15,35.0,005380.KS,현대차
2025-05-16,25.0,005380.KS,현대차
2025-05-17,16.0,005380.KS,현대차
2025-05-18,29.0,005380.KS,현대차
2025-05-19,35.0,005380.KS,현대차
2025-05-20,38.0,005380.KS,현대차
2025-05-21,41.0,005380.KS,현대차
2025-05-22,34.0,005380.KS,현대차
2025-05-23,36.0,005380.KS,현대차
2025-05-24,19.0,005380.KS,현대차
2025-05-25,26.0,005380.KS,현대차
2025-05-26,34.0,005380.KS,현대차
2025-05-27,36.0,005380.KS,현대차
2025-05-28,39.0,005380.KS,현대차
2025-05-29,42.0,005380.KS,현대차
2025-05-30,28.0,005380.KS,현대차
2025-05-31,21.0,005380.KS,현대차
2025-06-01,26.0,005380.KS,현대차
2025-06-02,45.0,005380.KS,현대차
2025-06-03,23.0,005380.KS,현대차
2025-06-04,32.0,005380.KS,현대차
2025-06-05,48.0,005380.KS,현대차
2025-06-06,25.0,005380.KS,현대차
2025-06-07,30.0,005380.KS,현대차
2025-06-08,31.0,005380.KS,현대차
2025-06-09,57.0,005380.KS,현대차
2025-06-10,55.0,005380.KS,현대차
2025-06-11,56.0,005380.KS,현대차
2025-06-12,50.0,005380.KS,현대차
2025-06-13,46.0,005380.KS,현대차
2025-06-14,34.0,005380.KS,현대차
2025-06-15,33.0,005380.KS,현대차
2025-06-16,51.0,005380.KS,현대차
2025-06-17,60.0,005380.KS,현대차
2025-06-18,46.0,005380.KS,현대차
2025-06-19,40.0,005380.KS,현대차
2025-06-20,47.0,005380.KS,현대차
2025-06-21,31.0,005380.KS,현대차
2025-06-22,24.0,005380.KS,현대차
2025-06-23,50.0,005380.KS,현대차
2025-06-24,54.0,005380.KS,현대차
2025-06-25,51.0,005380.KS,현대차
2025-06-26,56.0,005380.KS,현대차
2025-06-27,54.0,005380.KS,현대차
2025-06-28,39.0,005380.KS,현대차
2025-06-29,30.0,005380.KS,현대차
2025-06-30,58.0,005380.KS,현대차
2025-07-01,40.0,005380.KS,현대차
2025-07-02,46.0,005380.KS,현대차
2025-07-03,52.0,005380.KS,현대차
2025-07-04,48.0,005380.KS,현대차
2025-07-05,29.0,005380.KS,현대차
2025-07-06,31.0,005380.KS,현대차
2025-07-07,52.0,005380.KS,현대차
2025-07-08,47.0,005380.KS,현대차
2025-07-09,46.0,005380.KS,현대차
2025-07-10,49.0,005380.KS,현대차
2025-07-11,57.0,005380.KS,현대차
2025-07-12,37.0,005380.KS,현대차
2025-07-13,39.0,005380.KS,현대차
2025-07-14,61.0,005380.KS,현대차
2025-07-15,54.0,005380.KS,현대차
2025-07-16,50.0,005380.KS,현대차
2025-07-17,56.0,005380.KS,현대차
2025-07-18,51.0,005380.KS,현대차
2025-07-19,41.0,005380.KS,현대차
2025-07-20,41.0,005380.KS,현대차
2025-07-21,53.0,005380.KS,현대차
2025-07-22,58.0,005380.KS,현대차
2025-07-23,65.0,005380.KS,현대차
2025-07-24,54.0,005380.KS,현대차
2025-07-25,45.0,005380.KS,현대차
2025-07-26,29.0,005380.KS,현대차
2025-07-27,34.0,005380.KS,현대차
2025-07-28,50.0,005380.KS,현대차
2025-07-29,52.0,005380.KS,현대차
2025-07-30,69.0,005380.KS,현대차
2025-07-31,100.0,005380.KS,현대차
2025-08-01,56.0,005380.KS,현대차
2025-08-02,39.0,005380.KS,현대차
2025-08-03,42.70264681555004,005380.KS,현대차
2025-08-04,72.84739454094293,005380.KS,현대차
2025-08-05,72.84739454094293,005380.KS,현대차
2025-08-06,71.09015715467328,005380.KS,현대차
2025-08-07,78.3763440860215,005380.KS,현대차
2025-08-08,70.59015715467328,005380.KS,현대차
2025-08-09,46.97435897435898,005380.KS,현대차
2025-08-10,59.03225806451613,005380.KS,현대차
2025-08-11,89.35401157981804,005380.KS,현대차
2025-08-12,89.35401157981804,005380.KS,현대차
2025-08-13,81.78163771712158,005380.KS,현대차
2025-08-14,86.32506203473945,005380.KS,현대차
2025-08-15,56.03556658395368,005380.KS,현대차
2025-08-16,51.49214226633581,005380.KS,현대차
2025-08-17,74.20926385442515,005380.KS,현대차
2025-08-18,101.46980976013234,005380.KS,현대차
2025-08-19,96.92638544251449,005380.KS,현대차
2025-08-20,72.69478908188586,005380.KS,현대차
2025-08-21,75.72373862696443,005380.KS,현대차
2025-08-22,62.09346567411083,005380.KS,현대차
2025-08-23,37.86186931348222,005380.KS,현대차
2025-08-24,57.55004135649297,005380.KS,현대차
2025-08-25,81.78163771712158,005380.KS,현대차
2025-08-26,87.83953680727875,005380.KS,현대차
2025-08-27,71.18031430934657,005380.KS,현대차
2025-08-28,92.3829611248966,005380.KS,현대차
2025-08-29,84.81058726220016,005380.KS,현대차
2025-08-30,53.0066170388751,005380.KS,현대차
2025-08-31,45.43424317617866,005380.KS,현대차
2025-09-01,86.32506203473945,005380.KS,현대차
2025-09-02,78.75268817204301,005380.KS,현대차
2025-09-03,72.69478908188586,005380.KS,현대차
2025-09-04,78.75268817204301,005380.KS,현대차
2025-09-05,81.78163771712158,005380.KS,현대차
2025-09-06,86.32506203473945,005380.KS,현대차
2025-09-07,109.0421836228288,005380.KS,현대차
2025-09-08,107.5277088502895,005380.KS,현대차
2025-09-09,99.95533498759303,005380.KS,현대차
2025-09-10,83.29611248966087,005380.KS,현대차
2025-09-11,68.151364764268,005380.KS,현대차
2025-09-12,89.35401157981804,005380.KS,현대차
2025-09-13,53.0066170388751,005380.KS,현대차
2025-09-14,68.151364764268,005380.KS,현대차
2025-09-15,142.36062861869314,005380.KS,현대차
2025-09-16,101.46980976013234,005380.KS,현대차
2025-09-17,84.81058726220016,005380.KS,현대차
2025-09-18,83.29611248966087,005380.KS,현대차
2025-09-19,92.3829611248966,005380.KS,현대차
2025-09-20,53.0066170388751,005380.KS,현대차
2025-09-21,65.1224152191894,005380.KS,현대차
2025-09-22,83.29611248966087,005380.KS,현대차
2025-09-23,72.69478908188586,005380.KS,현대차
2025-09-24,68.151364764268,005380.KS,현대차
2025-09-25,84.81058726220016,005380.KS,현대차
2025-09-26,69.66583953680728,005380.KS,현대차
2025-09-27,46.94871794871795,005380.KS,현대차
2025-09-28,42.40529363110008,005380.KS,현대차
2025-09-29,65.1224152191894,005380.KS,현대차
2025-09-30,65.1224152191894,005380.KS,현대차
2025-10-01,87.83953680727875,005380.KS,현대차
2025-10-02,57.55004135649297,005380.KS,현대차
2025-10-03,34.83291976840364,005380.KS,현대차
2025-10-04,33.31844499586435,005380.KS,현대차
2025-10-05,30.28949545078577,005380.KS,현대차
2025-10-06,36.34739454094293,005380.KS,현대차
2025-10-07,36.34739454094293,005380.KS,현대차
2025-10-08,37.86186931348222,005380.KS,현대차
2025-10-09,39.376344086021504,005380.KS,현대차
2025-10-10,60.57899090157154,005380.KS,현대차
2025-10-11,46.94871794871795,005380.KS,현대차
2025-10-12,39.376344086021504,005380.KS,현대차
2025-10-13,60.57899090157154,005380.KS,현대차
2025-10-14,60.57899090157154,005380.KS,현대차
2025-10-15,80.2671629445823,005380.KS,현대차
2025-10-16,106.0132340777502,005380.KS,현대차
2025-10-17,71.18031430934657,005380.KS,현대차
2025-10-18,37.86186931348222,005380.KS,현대차
2025-10-19,34.83291976840364,005380.KS,현대차
2025-10-20,65.1224152191894,005380.KS,현대차
2025-10-21,75.72373862696443,005380.KS,현대차
2025-10-22,59.064516129032256,005380.KS,현대차
2025-10-23,62.09346567411083,005380.KS,현대차
2025-10-24,57.55004135649297,005380.KS,현대차
2025-10-25,31.55356103474383,005380.KS,현대차
2025-10-26,36.23320795094989,005380.KS,현대차
2025-10-27,65.06832683445586,005380.KS,현대차
2025-10-28,54.95179561577411,005380.KS,현대차
2025-10-29,107.94238646658002,005380.KS,현대차
2025-10-30,126.21424413897532,005380.KS,현대차
2025-10-31,151.5736834849738,005380.KS,현대차
2025-11-01,57.67023776701196,005380.KS,현대차
2025-11-02,62.60630369232519,005380.KS,현대차
2025-11-03,103.54119456807628,005380.KS,현대차
2025-11-04,84.2777165088993,005380.KS,현대차
2025-11-05,77.05391223670793,005380.KS,현대차
2025-11-06,67.42217320711944,005380.KS,현대차
2025-11-07,62.60630369232519,005380.KS,현대차
2025-11-08,38.526956118353965,005380.KS,현대차
2025-11-09,43.34282563314821,005380.KS,현대차
2025-11-10,72.23804272191369,005380.KS,현대차
2025-11-11,69.83010796451656,005380.KS,현대차
2025-11-12,67.42217320711944,005380.KS,현대차
2025-11-13,60.19836893492807,005380.KS,현대차
2025-11-14,65.01423844972231,005380.KS,현대차
2025-11-15,36.11902136095684,005380.KS,현대차
2025-11-16,57.79043417753095,005380.KS,현대차
2025-11-17,86.68565126629642,005380.KS,현대차
2025-11-18,67.42217320711944,005380.KS,현대차
2025-11-19,69.83010796451656,005380.KS,현대차
2025-11-20,62.60630369232519,005380.KS,현대차
2025-11-21,50.56662990533958,005380.KS,현대차
2025-11-22,40.93489087575109,005380.KS,현대차
2025-11-23,33.71108660355972,005380.KS,현대차
2025-11-24,60.19836893492807,005380.KS,현대차
2025-11-25,69.83010796451656,005380.KS,현대차
2025-11-26,69.83010796451656,005380.KS,현대차
2025-11-27,77.05391223670793,005380.KS,현대차
2025-11-28,62.60630369232519,005380.KS,현대차
2025-11-29,48.15869514794245,005380.KS,현대차
2025-11-30,50.56662990533958,005380.KS,현대차
2025-12-01,84.2777165088993,005380.KS,현대차
2025-12-02,74.6459774793108,005380.KS,현대차
2025-12-03,72.23804272191369,005380.KS,현대차
2025-12-04,120.39673786985614,005380.KS,현대차
2025-12-05,146.8840202012245,005380.KS,현대차
2025-12-06,65.01423844972231,005380.KS,현대차
2025-12-07,72.23804272191369,005380.KS,현대차
2025-12-08,103.54119456807628,005380.KS,현대차
2025-12-09,84.2777165088993,005380.KS,현대차
2025-12-10,79.46184699410506,005380.KS,현대차
2025-12-11,81.86978175150217,005380.KS,현대차
2025-12-12,69.83010796451656,005380.KS,현대차
2025-12-13,43.34282563314821,005380.KS,현대차
2025-12-14,55.38249942013383,005380.KS,현대차
2025-12-15,74.6459774793108,005380.KS,현대차
2025-12-16,62.60630369232519,005380.KS,현대차
2025-12-17,79.46184699410506,005380.KS,현대차
2025-12-18,98.72532505328203,005380.KS,현대차
2025-12-19,69.83010796451656,005380.KS,현대차
2025-12-20,45.75076039054533,005380.KS,현대차
2025-12-21,50.56662990533958,005380.KS,현대차
2025-12-22,69.83010796451656,005380.KS,현대차
2025-12-23,55.38249942013383,005380.KS,현대차
2025-12-24,65.01423844972231,005380.KS,현대차
2025-12-25,36.11902136095684,005380.KS,현대차
2025-12-26,60.19836893492807,005380.KS,현대차
2025-12-27,36.11902136095684,005380.KS,현대차
2025-12-28,40.93489087575109,005380.KS,현대차
2025-12-29,50.56662990533958,005380.KS,현대차
2025-12-30,50.56662990533958,005380.KS,현대차
2025-12-31,48.15869514794245,005380.KS,현대차
2026-01-01,40.93489087575109,005380.KS,현대차
2026-01-02,55.38249942013383,005380.KS,현대차
2026-01-03,33.71108660355972,005380.KS,현대차
2026-01-04,38.526956118353965,005380.KS,현대차
2026-01-05,72.23804272191369,005380.KS,현대차
2026-01-06,93.9094555384878,005380.KS,현대차
2026-01-07,173.37130253259284,005380.KS,현대차
2026-01-08,110.76499884026764,005380.KS,현대차
2026-01-09,93.9094555384878,005380.KS,현대차
2026-01-10,67.42217320711944,005380.KS,현대차
2026-01-11,69.83010796451656,005380.KS,현대차
2026-01-12,103.54119456807628,005380.KS,현대차
2026-01-13,158.92369398821012,005380.KS,현대차
2026-01-14,122.80467262725328,005380.KS,현대차
2026-01-15,137.252281171636,005380.KS,현대차
2026-01-16,117.8550289592703,005380.KS,현대차
2026-01-17,68.49236643262927,005380.KS,현대차
2026-01-18,69.69633381132783,005380.KS,현대차
2026-01-19,205.3433251446991,005380.KS,현대차
2026-01-20,144.47608544382737,005380.KS,현대차
2026-01-21,233.16834900795476,005380.KS,현대차
2026-01-22,240.79347573971228,005380.KS,현대차
2026-01-23,205.3433251446991,005380.KS,현대차
2026-01-24,98.9928733596595,005380.KS,현대차
2026-01-25,98.9928733596595,005380.KS,현대차
2026-01-26,165.87994995402403,005380.KS,현대차
2026-01-27,171.23091608157318,005380.KS,현대차
2026-01-28,141.8006023800528,005380.KS,현대차
2026-01-29,179.25736527289692,005380.KS,현대차
2026-01-30,139.12511931627822,005380.KS,현대차
2026-01-31,64.21159353058994,005380.KS,현대차
2026-02-01,88.29094110456117,005380.KS,현대차
2026-02-02,120.39673786985614,005380.KS,현대차
2026-02-03,112.3702886785324,005380.KS,현대차
2026-02-04,112.3702886785324,005380.KS,현대차
2026-02-05,90.96642416833576,005380.KS,현대차
2026-02-06,101.66835642343408,005380.KS,현대차
2026-02-07,56.1851443392662,005380.KS,현대차
2026-02-08,56.1851443392662,005380.KS,현대차
2026-02-09,88.29094110456117,005380.KS,현대차
2026-02-10,90.96642416833576,005380.KS,현대차
2026-02-11,101.66835642343408,005380.KS,현대차
2026-02-12,85.61545804078659,005380.KS,현대차
2026-02-13,80.26449191323744,005380.KS,현대차
2026-02-14,45.483212084167874,005380.KS,현대차
2026-02-15,40.13224595661872,005380.KS,현대차
2026-02-16,48.15869514794246,005380.KS,현대차
2026-02-17,48.15869514794246,005380.KS,현대차
2026-02-18,56.1851443392662,005380.KS,현대차
2026-02-19,109.69480561475784,005380.KS,현대차
2026-02-20,98.9928733596595,005380.KS,현대차
2026-02-21,66.88707659436453,005380.KS,현대차
2026-02-22,72.23804272191369,005380.KS,현대차
2026-02-23,117.72125480608156,005380.KS,현대차
2026-02-24,117.72125480608156,005380.KS,현대차
2026-02-25,179.25736527289692,005380.KS,현대차
2026-02-26,181.9328483366715,005380.KS,현대차
2026-02-27,267.5483063774581,005380.KS,현대차
2026-02-28,109.69480561475784,005380.KS,현대차
2026-03-01,98.9928733596595,005380.KS,현대차
2026-03-02,90.96642416833576,005380.KS,현대차
2026-03-03,184.60833140044608,005380.KS,현대차
2026-03-04,168.5554330177986,005380.KS,현대차
2026-03-05,160.52898382647487,005380.KS,현대차
2026-03-06,125.74770399740532,005380.KS,현대차
2026-03-07,61.536110466815366,005380.KS,현대차
2026-03-08,88.29094110456117,005380.KS,현대차
2026-03-09,149.82705157137653,005380.KS,현대차
2026-03-10,120.39673786985614,005380.KS,현대차
2026-03-11,133.77415318872906,005380.KS,현대차
2026-03-12,123.07222093363072,005380.KS,현대차
2026-03-13,104.34383948720864,005380.KS,현대차
2026-03-14,61.536110466815366,005380.KS,현대차
2026-03-15,77.58900884946284,005380.KS,현대차
2026-03-16,165.87994995402403,005380.KS,현대차
2026-03-17,165.87994995402403,005380.KS,현대차
2026-03-18,181.9328483366715,005380.KS,현대차
2026-03-19,141.8006023800528,005380.KS,현대차
2026-03-20,168.5554330177986,005380.KS,현대차
2026-03-21,90.96642416833576,005380.KS,현대차
2026-03-22,104.34383948720864,005380.KS,현대차
2026-03-23,165.87994995402403,005380.KS,현대차
2026-03-24,136.44963625250364,005380.KS,현대차
2026-03-25,144.47608544382737,005380.KS,현대차
2026-03-26,141.8006023800528,005380.KS,현대차
2026-03-27,131.09867012495448,005380.KS,현대차
2026-03-28,85.61545804078659,005380.KS,현대차
2026-03-29,90.96642416833576,005380.KS,현대차
2026-03-30,136.44963625250364,005380.KS,현대차
2026-03-31,152.5025346351511,005380.KS,현대차
2026-04-01,173.90639914534776,005380.KS,현대차
2026-04-02,176.58188220912234,005380.KS,현대차
2026-04-03,123.07222093363072,005380.KS,현대차
2026-04-04,69.56255965813911,005380.KS,현대차
2026-04-05,88.29094110456117,005380.KS,현대차
2026-04-06,147.15156850760195,005380.KS,현대차
2026-04-07,125.74770399740532,005380.KS,현대차
2026-04-08,160.52898382647487,005380.KS,현대차
2026-04-09,139.12511931627822,005380.KS,현대차
2026-04-10,133.77415318872906,005380.KS,현대차
2026-04-11,77.58900884946284,005380.KS,현대차
2026-04-12,74.91352578568826,005380.KS,현대차
2026-04-13,131.09867012495448,005380.KS,현대차
2026-04-14,128.42318706117987,005380.KS,현대차
2026-04-15,157.8535007627003,005380.KS,현대차
2026-04-16,192.63478059176984,005380.KS,현대차
2026-04-17,192.63478059176984,005380.KS,현대차
2026-04-18,192.63478059176984,005380.KS,현대차
2026-04-19,192.63478059176984,005380.KS,현대차
2026-04-20,192.63478059176984,005380.KS,현대차
2026-04-21,192.63478059176984,005380.KS,현대차
2026-04-22,192.63478059176984,005380.KS,현대차
2026-04-23,192.63478059176984,005380.KS,현대차
2026-04-24,192.63478059176984,005380.KS,현대차
2026-04-25,192.63478059176984,005380.KS,현대차
2026-04-26,192.63478059176984,005380.KS,현대차
2026-04-27,192.63478059176984,005380.KS,현대차
2026-04-28,192.63478059176984,005380.KS,현대차
2026-04-29,192.63478059176984,005380.KS,현대차
2026-04-30,192.63478059176984,005380.KS,현대차
2026-05-01,192.63478059176984,005380.KS,현대차
2026-05-02,192.63478059176984,005380.KS,현대차
2026-05-03,192.63478059176984,005380.KS,현대차
2026-05-04,192.63478059176984,005380.KS,현대차
2026-05-05,192.63478059176984,005380.KS,현대차
2026-05-06,192.63478059176984,005380.KS,현대차
2026-05-07,192.63478059176984,005380.KS,현대차
2026-05-08,192.63478059176984,005380.KS,현대차
2026-05-09,192.63478059176984,005380.KS,현대차
2026-05-10,192.63478059176984,005380.KS,현대차
2026-05-11,192.63478059176984,005380.KS,현대차
2026-05-12,192.63478059176984,005380.KS,현대차
