Date,trend,ticker,company_name
2025-05-12,9.32035812453288,005930.KS,삼성전자
2025-05-13,9.32035812453288,005930.KS,삼성전자
2025-05-14,9.061459287740298,005930.KS,삼성전자
2025-05-15,8.284762777362559,005930.KS,삼성전자
2025-05-16,7.24916743019224,005930.KS,삼성전자
2025-05-17,4.91907789905902,005930.KS,삼성전자
2025-05-18,4.660179062266439,005930.KS,삼성전자
2025-05-19,7.7669651037774,005930.KS,삼성전자
2025-05-20,8.54366161415514,005930.KS,삼성전자
2025-05-21,8.284762777362559,005930.KS,삼성전자
2025-05-22,7.5080662669848195,005930.KS,삼성전자
2025-05-23,7.7669651037774,005930.KS,삼성전자
2025-05-24,4.14238138868128,005930.KS,삼성전자
2025-05-25,4.40128022547386,005930.KS,삼성전자
2025-05-26,9.32035812453288,005930.KS,삼성전자
2025-05-27,8.025863940569979,005930.KS,삼성전자
2025-05-28,8.284762777362559,005930.KS,삼성전자
2025-05-29,9.32035812453288,005930.KS,삼성전자
2025-05-30,7.5080662669848195,005930.KS,삼성전자
2025-05-31,3.36568487830354,005930.KS,삼성전자
2025-06-01,4.14238138868128,005930.KS,삼성전자
2025-06-02,7.5080662669848195,005930.KS,삼성전자
2025-06-03,3.8834825518887,005930.KS,삼성전자
2025-06-04,8.284762777362559,005930.KS,삼성전자
2025-06-05,10.61485230849578,005930.KS,삼성전자
2025-06-06,5.177976735851599,005930.KS,삼성전자
2025-06-07,5.695774409436759,005930.KS,삼성전자
2025-06-08,5.43687557264418,005930.KS,삼성전자
2025-06-09,12.68604300283642,005930.KS,삼성전자
2025-06-10,10.87375114528836,005930.KS,삼성전자
2025-06-11,11.90934649245868,005930.KS,삼성전자
2025-06-12,10.61485230849578,005930.KS,삼성전자
2025-06-13,10.3559534717032,005930.KS,삼성전자
2025-06-14,5.43687557264418,005930.KS,삼성전자
2025-06-15,6.4724709198145,005930.KS,삼성전자
2025-06-16,12.16824532925126,005930.KS,삼성전자
2025-06-17,11.132649982080938,005930.KS,삼성전자
2025-06-18,10.09705463491062,005930.KS,삼성전자
2025-06-19,9.32035812453288,005930.KS,삼성전자
2025-06-20,9.57925696132546,005930.KS,삼성전자
2025-06-21,4.14238138868128,005930.KS,삼성전자
2025-06-22,4.91907789905902,005930.KS,삼성전자
2025-06-23,9.57925696132546,005930.KS,삼성전자
2025-06-24,11.39154881887352,005930.KS,삼성전자
2025-06-25,10.3559534717032,005930.KS,삼성전자
2025-06-26,10.09705463491062,005930.KS,삼성전자
2025-06-27,8.80256045094772,005930.KS,삼성전자
2025-06-28,4.40128022547386,005930.KS,삼성전자
2025-06-29,4.91907789905902,005930.KS,삼성전자
2025-06-30,10.87375114528836,005930.KS,삼성전자
2025-07-01,9.57925696132546,005930.KS,삼성전자
2025-07-02,9.83815579811804,005930.KS,삼성전자
2025-07-03,12.16824532925126,005930.KS,삼성전자
2025-07-04,10.87375114528836,005930.KS,삼성전자
2025-07-05,4.14238138868128,005930.KS,삼성전자
2025-07-06,5.95467324622934,005930.KS,삼성전자
2025-07-07,12.16824532925126,005930.KS,삼성전자
2025-07-08,12.68604300283642,005930.KS,삼성전자
2025-07-09,11.39154881887352,005930.KS,삼성전자
2025-07-10,11.132649982080938,005930.KS,삼성전자
2025-07-11,9.83815579811804,005930.KS,삼성전자
2025-07-12,5.177976735851599,005930.KS,삼성전자
2025-07-13,5.695774409436759,005930.KS,삼성전자
2025-07-14,11.6504476556661,005930.KS,삼성전자
2025-07-15,11.6504476556661,005930.KS,삼성전자
2025-07-16,10.87375114528836,005930.KS,삼성전자
2025-07-17,16.051727881139957,005930.KS,삼성전자
2025-07-18,11.6504476556661,005930.KS,삼성전자
2025-07-19,6.21357208302192,005930.KS,삼성전자
2025-07-20,6.731369756607079,005930.KS,삼성전자
2025-07-21,15.01613253396964,005930.KS,삼성전자
2025-07-22,12.16824532925126,005930.KS,삼성전자
2025-07-23,10.61485230849578,005930.KS,삼성전자
2025-07-24,11.132649982080938,005930.KS,삼성전자
2025-07-25,9.32035812453288,005930.KS,삼성전자
2025-07-26,5.695774409436759,005930.KS,삼성전자
2025-07-27,5.95467324622934,005930.KS,삼성전자
2025-07-28,25.889883679258,005930.KS,삼성전자
2025-07-29,19.15851392265092,005930.KS,삼성전자
2025-07-30,23.3008953113322,005930.KS,삼성전자
2025-07-31,18.64071624906576,005930.KS,삼성전자
2025-08-01,15.275031370762218,005930.KS,삼성전자
2025-08-02,8.80256045094772,005930.KS,삼성전자
2025-08-03,9.258653901763982,005930.KS,삼성전자
2025-08-04,15.887772537130292,005930.KS,삼성전자
2025-08-05,16.591685068067797,005930.KS,삼성전자
2025-08-06,18.387858385131672,005930.KS,삼성전자
2025-08-07,22.25799233570402,005930.KS,삼성전자
2025-08-08,19.62845706930635,005930.KS,삼성전자
2025-08-09,10.92537780043157,005930.KS,삼성전자
2025-08-10,11.203165116876166,005930.KS,삼성전자
2025-08-11,19.580602542376628,005930.KS,삼성전자
2025-08-12,18.9872509501834,005930.KS,삼성전자
2025-08-13,18.097223561893557,005930.KS,삼성전자
2025-08-14,16.020492989217242,005930.KS,삼성전자
2025-08-15,10.086977067284929,005930.KS,삼성전자
2025-08-16,10.086977067284929,005930.KS,삼성전자
2025-08-17,11.570356047768009,005930.KS,삼성전자
2025-08-18,19.28392674628001,005930.KS,삼성전자
2025-08-19,18.097223561893557,005930.KS,삼성전자
2025-08-20,16.020492989217242,005930.KS,삼성전자
2025-08-21,16.613844581410472,005930.KS,삼성전자
2025-08-22,15.42714139702401,005930.KS,삼성전자
2025-08-23,7.713570698512005,005930.KS,삼성전자
2025-08-24,8.306922290705236,005930.KS,삼성전자
2025-08-25,15.42714139702401,005930.KS,삼성전자
2025-08-26,16.317168785313857,005930.KS,삼성전자
2025-08-27,19.580602542376628,005930.KS,삼성전자
2025-08-28,19.28392674628001,005930.KS,삼성전자
2025-08-29,17.207196173603702,005930.KS,삼성전자
2025-08-30,11.867031843864623,005930.KS,삼성전자
2025-08-31,14.537114008734164,005930.KS,삼성전자
2025-09-01,24.92076687211571,005930.KS,삼성전자
2025-09-02,25.81079426040556,005930.KS,삼성전자
2025-09-03,18.097223561893557,005930.KS,삼성전자
2025-09-04,14.537114008734164,005930.KS,삼성전자
2025-09-05,13.053735028251085,005930.KS,삼성전자
2025-09-06,8.603598086801851,005930.KS,삼성전자
2025-09-07,8.603598086801851,005930.KS,삼성전자
2025-09-08,15.130465600927396,005930.KS,삼성전자
2025-09-09,14.537114008734164,005930.KS,삼성전자
2025-09-10,16.020492989217242,005930.KS,삼성전자
2025-09-11,16.91052037750709,005930.KS,삼성전자
2025-09-12,19.580602542376628,005930.KS,삼성전자
2025-09-13,10.977004455574775,005930.KS,삼성전자
2025-09-14,9.196949678995082,005930.KS,삼성전자
2025-09-15,19.580602542376628,005930.KS,삼성전자
2025-09-16,24.92076687211571,005930.KS,삼성전자
2025-09-17,17.50387196970032,005930.KS,삼성전자
2025-09-18,24.030739483825865,005930.KS,삼성전자
2025-09-19,17.207196173603702,005930.KS,삼성전자
2025-09-20,9.4936254750917,005930.KS,삼성전자
2025-09-21,9.4936254750917,005930.KS,삼성전자
2025-09-22,29.66757960966156,005930.KS,삼성전자
2025-09-23,25.81079426040556,005930.KS,삼성전자
2025-09-24,23.734063687729247,005930.KS,삼성전자
2025-09-25,24.32741527992248,005930.KS,삼성전자
2025-09-26,20.173954134569858,005930.KS,삼성전자
2025-09-27,11.867031843864623,005930.KS,삼성전자
2025-09-28,11.570356047768009,005930.KS,삼성전자
2025-09-29,17.800547765796935,005930.KS,삼성전자
2025-09-30,17.50387196970032,005930.KS,삼성전자
2025-10-01,17.800547765796935,005930.KS,삼성전자
2025-10-02,28.4808764252751,005930.KS,삼성전자
2025-10-03,10.383652863381544,005930.KS,삼성전자
2025-10-04,8.603598086801851,005930.KS,삼성전자
2025-10-05,7.713570698512005,005930.KS,삼성전자
2025-10-06,7.41689490241539,005930.KS,삼성전자
2025-10-07,8.603598086801851,005930.KS,삼성전자
2025-10-08,7.41689490241539,005930.KS,삼성전자
2025-10-09,10.086977067284929,005930.KS,삼성전자
2025-10-10,23.734063687729247,005930.KS,삼성전자
2025-10-11,11.570356047768009,005930.KS,삼성전자
2025-10-12,11.570356047768009,005930.KS,삼성전자
2025-10-13,23.140712095536017,005930.KS,삼성전자
2025-10-14,26.10747005650217,005930.KS,삼성전자
2025-10-15,21.65733311505294,005930.KS,삼성전자
2025-10-16,23.43738789163263,005930.KS,삼성전자
2025-10-17,22.25068470724617,005930.KS,삼성전자
2025-10-18,9.4936254750917,005930.KS,삼성전자
2025-10-19,10.086977067284929,005930.KS,삼성전자
2025-10-20,19.28392674628001,005930.KS,삼성전자
2025-10-21,21.954008911149558,005930.KS,삼성전자
2025-10-22,18.393899357990165,005930.KS,삼성전자
2025-10-23,16.317168785313857,005930.KS,삼성전자
2025-10-24,16.020492989217242,005930.KS,삼성전자
2025-10-25,8.010246494608621,005930.KS,삼성전자
2025-10-26,9.4936254750917,005930.KS,삼성전자
2025-10-27,26.70082164869541,005930.KS,삼성전자
2025-10-28,20.76730572676309,005930.KS,삼성전자
2025-10-29,20.76730572676309,005930.KS,삼성전자
2025-10-30,25.217442668212325,005930.KS,삼성전자
2025-10-31,26.10747005650217,005930.KS,삼성전자
2025-11-01,12.757059232154472,005930.KS,삼성전자
2025-11-02,11.867031843864623,005930.KS,삼성전자
2025-11-03,27.29417324088864,005930.KS,삼성전자
2025-11-04,25.514118464308943,005930.KS,삼성전자
2025-11-05,24.62409107601909,005930.KS,삼성전자
2025-11-06,21.65733311505294,005930.KS,삼성전자
2025-11-07,19.28392674628001,005930.KS,삼성전자
2025-11-08,10.383652863381544,005930.KS,삼성전자
2025-11-09,9.4936254750917,005930.KS,삼성전자
2025-11-10,21.36065731895632,005930.KS,삼성전자
2025-11-11,19.877278338473246,005930.KS,삼성전자
2025-11-12,19.580602542376628,005930.KS,삼성전자
2025-11-13,18.9872509501834,005930.KS,삼성전자
2025-11-14,17.800547765796935,005930.KS,삼성전자
2025-11-15,9.196949678995082,005930.KS,삼성전자
2025-11-16,10.086977067284929,005930.KS,삼성전자
2025-11-17,18.097223561893557,005930.KS,삼성전자
2025-11-18,15.723817193120626,005930.KS,삼성전자
2025-11-19,18.097223561893557,005930.KS,삼성전자
2025-11-20,18.393899357990165,005930.KS,삼성전자
2025-11-21,18.690575154086783,005930.KS,삼성전자
2025-11-22,8.010246494608621,005930.KS,삼성전자
2025-11-23,8.603598086801851,005930.KS,삼성전자
2025-11-24,16.020492989217242,005930.KS,삼성전자
2025-11-25,18.9872509501834,005930.KS,삼성전자
2025-11-26,17.800547765796935,005930.KS,삼성전자
2025-11-27,16.91052037750709,005930.KS,삼성전자
2025-11-28,16.613844581410472,005930.KS,삼성전자
2025-11-29,8.010246494608621,005930.KS,삼성전자
2025-11-30,8.900273882898468,005930.KS,삼성전자
2025-12-01,14.83378980483078,005930.KS,삼성전자
2025-12-02,15.130465600927396,005930.KS,삼성전자
2025-12-03,15.723817193120626,005930.KS,삼성전자
2025-12-04,16.317168785313857,005930.KS,삼성전자
2025-12-05,15.130465600927396,005930.KS,삼성전자
2025-12-06,8.010246494608621,005930.KS,삼성전자
2025-12-07,8.603598086801851,005930.KS,삼성전자
2025-12-08,16.91052037750709,005930.KS,삼성전자
2025-12-09,14.24043821263755,005930.KS,삼성전자
2025-12-10,14.537114008734164,005930.KS,삼성전자
2025-12-11,14.537114008734164,005930.KS,삼성전자
2025-12-12,13.350410824347705,005930.KS,삼성전자
2025-12-13,7.41689490241539,005930.KS,삼성전자
2025-12-14,7.713570698512005,005930.KS,삼성전자
2025-12-15,14.537114008734164,005930.KS,삼성전자
2025-12-16,13.350410824347705,005930.KS,삼성전자
2025-12-17,15.42714139702401,005930.KS,삼성전자
2025-12-18,15.723817193120626,005930.KS,삼성전자
2025-12-19,12.460383436057857,005930.KS,삼성전자
2025-12-20,7.41689490241539,005930.KS,삼성전자
2025-12-21,7.713570698512005,005930.KS,삼성전자
2025-12-22,16.91052037750709,005930.KS,삼성전자
2025-12-23,15.723817193120626,005930.KS,삼성전자
2025-12-24,14.24043821263755,005930.KS,삼성전자
2025-12-25,8.010246494608621,005930.KS,삼성전자
2025-12-26,20.173954134569858,005930.KS,삼성전자
2025-12-27,8.603598086801851,005930.KS,삼성전자
2025-12-28,8.900273882898468,005930.KS,삼성전자
2025-12-29,18.393899357990165,005930.KS,삼성전자
2025-12-30,17.50387196970032,005930.KS,삼성전자
2025-12-31,11.273680251671392,005930.KS,삼성전자
2026-01-01,8.603598086801851,005930.KS,삼성전자
2026-01-02,21.063981522859702,005930.KS,삼성전자
2026-01-03,9.4936254750917,005930.KS,삼성전자
2026-01-04,10.977004455574775,005930.KS,삼성전자
2026-01-05,29.66757960966156,005930.KS,삼성전자
2026-01-06,25.217442668212325,005930.KS,삼성전자
2026-01-07,29.66757960966156,005930.KS,삼성전자
2026-01-08,26.997497444792018,005930.KS,삼성전자
2026-01-09,19.580602542376628,005930.KS,삼성전자
2026-01-10,8.603598086801851,005930.KS,삼성전자
2026-01-11,10.977004455574775,005930.KS,삼성전자
2026-01-12,20.47062993066648,005930.KS,삼성전자
2026-01-13,19.28392674628001,005930.KS,삼성전자
2026-01-14,18.097223561893557,005930.KS,삼성전자
2026-01-15,21.954008911149558,005930.KS,삼성전자
2026-01-16,23.891239213187674,005930.KS,삼성전자
2026-01-17,11.634792419770896,005930.KS,삼성전자
2026-01-18,12.878101167062669,005930.KS,삼성전자
2026-01-19,24.18791500928429,005930.KS,삼성전자
2026-01-20,22.94460626199252,005930.KS,삼성전자
2026-01-21,22.32295188834663,005930.KS,삼성전자
2026-01-22,25.431223756576067,005930.KS,삼성전자
2026-01-23,22.02627609225001,005930.KS,삼성전자
2026-01-24,11.049271636675236,005930.KS,삼성전자
2026-01-25,12.349185946872325,005930.KS,삼성전자
2026-01-26,22.748500428449013,005930.KS,삼성전자
2026-01-27,25.998286203941728,005930.KS,삼성전자
2026-01-28,31.197943444730075,005930.KS,삼성전자
2026-01-29,32.49785775492716,005930.KS,삼성전자
2026-01-30,25.998286203941728,005930.KS,삼성전자
2026-01-31,11.049271636675236,005930.KS,삼성전자
2026-02-01,12.349185946872325,005930.KS,삼성전자
2026-02-02,24.0484147386461,005930.KS,삼성전자
2026-02-03,27.298200514138816,005930.KS,삼성전자
2026-02-04,25.998286203941728,005930.KS,삼성전자
2026-02-05,24.69837189374465,005930.KS,삼성전자
2026-02-06,25.348329048843187,005930.KS,삼성전자
2026-02-07,11.049271636675236,005930.KS,삼성전자
2026-02-08,11.699228791773775,005930.KS,삼성전자
2026-02-09,21.448586118251924,005930.KS,삼성전자
2026-02-10,18.848757497857758,005930.KS,삼성전자
2026-02-11,20.148671808054843,005930.KS,삼성전자
2026-02-12,29.24807197943445,005930.KS,삼성전자
2026-02-13,25.998286203941728,005930.KS,삼성전자
2026-02-14,12.999143101970864,005930.KS,삼성전자
2026-02-15,11.049271636675236,005930.KS,삼성전자
2026-02-16,10.399314481576692,005930.KS,삼성전자
2026-02-17,11.049271636675236,005930.KS,삼성전자
2026-02-18,12.349185946872325,005930.KS,삼성전자
2026-02-19,28.5981148243359,005930.KS,삼성전자
2026-02-20,25.998286203941728,005930.KS,삼성전자
2026-02-21,12.999143101970864,005930.KS,삼성전자
2026-02-22,15.598971722365038,005930.KS,삼성전자
2026-02-23,27.94815766923736,005930.KS,삼성전자
2026-02-24,35.09768637532134,005930.KS,삼성전자
2026-02-25,38.99742930591259,005930.KS,삼성전자
2026-02-26,57.84618680377035,005930.KS,삼성전자
2026-02-27,46.14695801199657,005930.KS,삼성전자
2026-02-28,21.448586118251924,005930.KS,삼성전자
2026-03-01,17.54884318766067,005930.KS,삼성전자
2026-03-02,20.798628963153384,005930.KS,삼성전자
2026-03-03,54.59640102827763,005930.KS,삼성전자
2026-03-04,55.89631533847472,005930.KS,삼성전자
2026-03-05,44.847043701799485,005930.KS,삼성전자
2026-03-06,38.34747215081405,005930.KS,삼성전자
2026-03-07,17.54884318766067,005930.KS,삼성전자
2026-03-08,22.748500428449013,005930.KS,삼성전자
2026-03-09,49.39674378748929,005930.KS,삼성전자
2026-03-10,47.446872322193656,005930.KS,삼성전자
2026-03-11,42.24721508140531,005930.KS,삼성전자
2026-03-12,34.44772922022279,005930.KS,삼성전자
2026-03-13,31.84790059982862,005930.KS,삼성전자
2026-03-14,18.848757497857758,005930.KS,삼성전자
2026-03-15,25.348329048843187,005930.KS,삼성전자
2026-03-16,45.497000856898026,005930.KS,삼성전자
2026-03-17,43.5471293916024,005930.KS,삼성전자
2026-03-18,58.4961439588689,005930.KS,삼성전자
2026-03-19,42.24721508140531,005930.KS,삼성전자
2026-03-20,38.99742930591259,005930.KS,삼성전자
2026-03-21,18.19880034275921,005930.KS,삼성전자
2026-03-22,20.148671808054843,005930.KS,삼성전자
2026-03-23,40.94730077120822,005930.KS,삼성전자
2026-03-24,29.89802913453299,005930.KS,삼성전자
2026-03-25,33.1478149100257,005930.KS,삼성전자
2026-03-26,43.5471293916024,005930.KS,삼성전자
2026-03-27,38.34747215081405,005930.KS,삼성전자
2026-03-28,18.19880034275921,005930.KS,삼성전자
2026-03-29,21.448586118251924,005930.KS,삼성전자
2026-03-30,37.69751499571551,005930.KS,삼성전자
2026-03-31,43.5471293916024,005930.KS,삼성전자
2026-04-01,46.14695801199657,005930.KS,삼성전자
2026-04-02,40.94730077120822,005930.KS,삼성전자
2026-04-03,35.09768637532134,005930.KS,삼성전자
2026-04-04,14.29905741216795,005930.KS,삼성전자
2026-04-05,23.398457583547557,005930.KS,삼성전자
2026-04-06,64.99571550985432,005930.KS,삼성전자
2026-04-07,59.14610111396743,005930.KS,삼성전자
2026-04-08,53.94644387317909,005930.KS,삼성전자
2026-04-09,44.92352185089974,005930.KS,삼성전자
2026-04-10,49.52335047129392,005930.KS,삼성전자
2026-04-11,37.02377892030848,005930.KS,삼성전자
2026-04-12,40.97365038560411,005930.KS,삼성전자
2026-04-13,43.2735646958012,005930.KS,삼성전자
2026-04-14,44.92352185089974,005930.KS,삼성전자
2026-04-15,40.97365038560411,005930.KS,삼성전자
2026-04-16,40.14867180805484,005930.KS,삼성전자
2026-04-17,47.99999999999999,005930.KS,삼성전자
2026-04-18,20.0,005930.KS,삼성전자
2026-04-19,23.0,005930.KS,삼성전자
2026-04-20,43.0,005930.KS,삼성전자
2026-04-21,50.0,005930.KS,삼성전자
2026-04-22,44.99999999999999,005930.KS,삼성전자
2026-04-23,51.0,005930.KS,삼성전자
2026-04-24,47.0,005930.KS,삼성전자
2026-04-25,29.0,005930.KS,삼성전자
2026-04-26,43.0,005930.KS,삼성전자
2026-04-27,41.0,005930.KS,삼성전자
2026-04-28,42.0,005930.KS,삼성전자
2026-04-29,42.0,005930.KS,삼성전자
2026-04-30,38.0,005930.KS,삼성전자
2026-05-01,32.99999999999999,005930.KS,삼성전자
2026-05-02,28.0,005930.KS,삼성전자
2026-05-03,57.99999999999999,005930.KS,삼성전자
2026-05-04,47.99999999999999,005930.KS,삼성전자
2026-05-05,49.0,005930.KS,삼성전자
2026-05-06,97.0,005930.KS,삼성전자
2026-05-07,65.99999999999999,005930.KS,삼성전자
2026-05-08,62.0,005930.KS,삼성전자
2026-05-09,53.0,005930.KS,삼성전자
2026-05-10,84.99999999999999,005930.KS,삼성전자
2026-05-11,99.0,005930.KS,삼성전자
2026-05-12,100.0,005930.KS,삼성전자
2025-05-12,2.167219917035059,000660.KS,SK하이닉스
2025-05-13,2.167219917035059,000660.KS,SK하이닉스
2025-05-14,1.907153526990852,000660.KS,SK하이닉스
2025-05-15,1.6470871369466449,000660.KS,SK하이닉스
2025-05-16,1.5603983402652424,000660.KS,SK하이닉스
2025-05-17,0.953576763495426,000660.KS,SK하이닉스
2025-05-18,1.47370954358384,000660.KS,SK하이닉스
2025-05-19,2.340597510397864,000660.KS,SK하이닉스
2025-05-20,1.9938423236722544,000660.KS,SK하이닉스
2025-05-21,1.300331950221035,000660.KS,SK하이닉스
2025-05-22,1.3870207469024378,000660.KS,SK하이닉스
2025-05-23,1.300331950221035,000660.KS,SK하이닉스
2025-05-24,0.8668879668140235,000660.KS,SK하이닉스
2025-05-25,0.7801991701326212,000660.KS,SK하이닉스
2025-05-26,1.3870207469024378,000660.KS,SK하이닉스
2025-05-27,1.213643153539633,000660.KS,SK하이닉스
2025-05-28,2.0805311203536565,000660.KS,SK하이닉스
2025-05-29,1.8204647303094492,000660.KS,SK하이닉스
2025-05-30,1.5603983402652424,000660.KS,SK하이닉스
2025-05-31,0.7801991701326212,000660.KS,SK하이닉스
2025-06-01,0.6935103734512189,000660.KS,SK하이닉스
2025-06-02,1.1269543568582303,000660.KS,SK하이닉스
2025-06-03,0.7801991701326212,000660.KS,SK하이닉스
2025-06-04,1.9938423236722544,000660.KS,SK하이닉스
2025-06-05,2.0805311203536565,000660.KS,SK하이닉스
2025-06-06,0.8668879668140235,000660.KS,SK하이닉스
2025-06-07,1.1269543568582303,000660.KS,SK하이닉스
2025-06-08,1.907153526990852,000660.KS,SK하이닉스
2025-06-09,3.1207966805304848,000660.KS,SK하이닉스
2025-06-10,2.340597510397864,000660.KS,SK하이닉스
2025-06-11,3.207485477211887,000660.KS,SK하이닉스
2025-06-12,2.860730290486277,000660.KS,SK하이닉스
2025-06-13,2.60066390044207,000660.KS,SK하이닉스
2025-06-14,1.5603983402652424,000660.KS,SK하이닉스
2025-06-15,1.9938423236722544,000660.KS,SK하이닉스
2025-06-16,2.860730290486277,000660.KS,SK하이닉스
2025-06-17,3.2941742738932898,000660.KS,SK하이닉스
2025-06-18,1.907153526990852,000660.KS,SK하이닉스
2025-06-19,1.733775933628047,000660.KS,SK하이닉스
2025-06-20,1.733775933628047,000660.KS,SK하이닉스
2025-06-21,0.8668879668140235,000660.KS,SK하이닉스
2025-06-22,1.1269543568582303,000660.KS,SK하이닉스
2025-06-23,2.427286307079266,000660.KS,SK하이닉스
2025-06-24,2.774041493804876,000660.KS,SK하이닉스
2025-06-25,2.340597510397864,000660.KS,SK하이닉스
2025-06-26,3.034107883849082,000660.KS,SK하이닉스
2025-06-27,2.60066390044207,000660.KS,SK하이닉스
2025-06-28,1.213643153539633,000660.KS,SK하이닉스
2025-06-29,1.5603983402652424,000660.KS,SK하이닉스
2025-06-30,3.034107883849082,000660.KS,SK하이닉스
2025-07-01,1.9938423236722544,000660.KS,SK하이닉스
2025-07-02,2.253908713716461,000660.KS,SK하이닉스
2025-07-03,2.0805311203536565,000660.KS,SK하이닉스
2025-07-04,1.8204647303094492,000660.KS,SK하이닉스
2025-07-05,0.8668879668140235,000660.KS,SK하이닉스
2025-07-06,1.1269543568582303,000660.KS,SK하이닉스
2025-07-07,3.554240663937497,000660.KS,SK하이닉스
2025-07-08,2.253908713716461,000660.KS,SK하이닉스
2025-07-09,2.860730290486277,000660.KS,SK하이닉스
2025-07-10,2.94741908716768,000660.KS,SK하이닉스
2025-07-11,2.427286307079266,000660.KS,SK하이닉스
2025-07-12,1.47370954358384,000660.KS,SK하이닉스
2025-07-13,1.5603983402652424,000660.KS,SK하이닉스
2025-07-14,3.2941742738932898,000660.KS,SK하이닉스
2025-07-15,3.034107883849082,000660.KS,SK하이닉스
2025-07-16,2.340597510397864,000660.KS,SK하이닉스
2025-07-17,8.668879668140235,000660.KS,SK하이닉스
2025-07-18,2.774041493804876,000660.KS,SK하이닉스
2025-07-19,1.733775933628047,000660.KS,SK하이닉스
2025-07-20,2.5139751037606684,000660.KS,SK하이닉스
2025-07-21,3.1207966805304848,000660.KS,SK하이닉스
2025-07-22,2.60066390044207,000660.KS,SK하이닉스
2025-07-23,3.2941742738932898,000660.KS,SK하이닉스
2025-07-24,4.594506224114324,000660.KS,SK하이닉스
2025-07-25,2.60066390044207,000660.KS,SK하이닉스
2025-07-26,1.213643153539633,000660.KS,SK하이닉스
2025-07-27,1.47370954358384,000660.KS,SK하이닉스
2025-07-28,3.207485477211887,000660.KS,SK하이닉스
2025-07-29,3.1207966805304848,000660.KS,SK하이닉스
2025-07-30,2.94741908716768,000660.KS,SK하이닉스
2025-07-31,2.774041493804876,000660.KS,SK하이닉스
2025-08-01,3.640929460618899,000660.KS,SK하이닉스
2025-08-02,1.6470871369466449,000660.KS,SK하이닉스
2025-08-03,2.5128344616990708,000660.KS,SK하이닉스
2025-08-04,4.336410033994695,000660.KS,SK하이닉스
2025-08-05,4.925240574611134,000660.KS,SK하이닉스
2025-08-06,6.059557257503311,000660.KS,SK하이닉스
2025-08-07,6.605043399779049,000660.KS,SK하이닉스
2025-08-08,5.370298368099865,000660.KS,SK하이닉스
2025-08-09,3.4029500486765327,000660.KS,SK하이닉스
2025-08-10,3.50337839746354,000660.KS,SK하이닉스
2025-08-11,6.279234549093685,000660.KS,SK하이닉스
2025-08-12,7.42091355801981,000660.KS,SK하이닉스
2025-08-13,6.05089874730846,000660.KS,SK하이닉스
2025-08-14,4.909219738382334,000660.KS,SK하이닉스
2025-08-15,2.397525918744861,000660.KS,SK하이닉스
2025-08-16,3.082533324100536,000660.KS,SK하이닉스
2025-08-17,4.110044432134048,000660.KS,SK하이닉스
2025-08-18,5.708395044630622,000660.KS,SK하이닉스
2025-08-19,5.023387639274947,000660.KS,SK하이닉스
2025-08-20,4.22421233302666,000660.KS,SK하이닉스
2025-08-21,7.192577756234583,000660.KS,SK하이닉스
2025-08-22,4.110044432134048,000660.KS,SK하이닉스
2025-08-23,2.055022216067024,000660.KS,SK하이닉스
2025-08-24,2.283358017852249,000660.KS,SK하이닉스
2025-08-25,4.110044432134048,000660.KS,SK하이닉스
2025-08-26,4.22421233302666,000660.KS,SK하이닉스
2025-08-27,3.6533728285635982,000660.KS,SK하이닉스
2025-08-28,4.795051837489723,000660.KS,SK하이닉스
2025-08-29,3.881708630348824,000660.KS,SK하이닉스
2025-08-30,1.940854315174412,000660.KS,SK하이닉스
2025-08-31,2.854197522315311,000660.KS,SK하이닉스
2025-09-01,6.735906152664134,000660.KS,SK하이닉스
2025-09-02,6.735906152664134,000660.KS,SK하이닉스
2025-09-03,6.05089874730846,000660.KS,SK하이닉스
2025-09-04,6.05089874730846,000660.KS,SK하이닉스
2025-09-05,5.023387639274947,000660.KS,SK하이닉스
2025-09-06,3.539204927670986,000660.KS,SK하이닉스
2025-09-07,3.425037026778373,000660.KS,SK하이닉스
2025-09-08,4.680883936597111,000660.KS,SK하이닉스
2025-09-09,4.566716035704498,000660.KS,SK하이닉스
2025-09-10,7.763417260697647,000660.KS,SK하이닉스
2025-09-11,7.078409855341972,000660.KS,SK하이닉스
2025-09-12,10.27511108033512,000660.KS,SK하이닉스
2025-09-13,4.680883936597111,000660.KS,SK하이닉스
2025-09-14,4.909219738382334,000660.KS,SK하이닉스
2025-09-15,9.247599972301607,000660.KS,SK하이닉스
2025-09-16,10.845950584798182,000660.KS,SK하이닉스
2025-09-17,7.078409855341972,000660.KS,SK하이닉스
2025-09-18,9.247599972301607,000660.KS,SK하이닉스
2025-09-19,6.393402449986296,000660.KS,SK하이닉스
2025-09-20,4.338380233919272,000660.KS,SK하이닉스
2025-09-21,5.365891341952785,000660.KS,SK하이닉스
2025-09-22,10.503446882120343,000660.KS,SK하이닉스
2025-09-23,8.790928368731157,000660.KS,SK하이닉스
2025-09-24,6.850074053556746,000660.KS,SK하이닉스
2025-09-25,6.621738251771522,000660.KS,SK하이닉스
2025-09-26,7.078409855341972,000660.KS,SK하이닉스
2025-09-27,4.452548134811885,000660.KS,SK하이닉스
2025-09-28,6.279234549093685,000660.KS,SK하이닉스
2025-09-29,8.334256765160708,000660.KS,SK하이닉스
2025-09-30,11.416790089261244,000660.KS,SK하이닉스
2025-10-01,9.36176787319422,000660.KS,SK하이닉스
2025-10-02,9.932607377657282,000660.KS,SK하이닉스
2025-10-03,3.425037026778373,000660.KS,SK하이닉스
2025-10-04,2.968365423207924,000660.KS,SK하이닉스
2025-10-05,2.397525918744861,000660.KS,SK하이닉스
2025-10-06,2.397525918744861,000660.KS,SK하이닉스
2025-10-07,2.6258617205300863,000660.KS,SK하이닉스
2025-10-08,2.169190116959636,000660.KS,SK하이닉스
2025-10-09,3.082533324100536,000660.KS,SK하이닉스
2025-10-10,7.078409855341972,000660.KS,SK하이닉스
2025-10-11,3.7675407294562095,000660.KS,SK하이닉스
2025-10-12,3.881708630348824,000660.KS,SK하이닉스
2025-10-13,5.708395044630622,000660.KS,SK하이닉스
2025-10-14,5.708395044630622,000660.KS,SK하이닉스
2025-10-15,5.59422714373801,000660.KS,SK하이닉스
2025-10-16,9.36176787319422,000660.KS,SK하이닉스
2025-10-17,6.279234549093685,000660.KS,SK하이닉스
2025-10-18,3.6533728285635982,000660.KS,SK하이닉스
2025-10-19,3.196701224993148,000660.KS,SK하이닉스
2025-10-20,6.850074053556746,000660.KS,SK하이닉스
2025-10-21,6.964241954449359,000660.KS,SK하이닉스
2025-10-22,6.393402449986296,000660.KS,SK하이닉스
2025-10-23,4.680883936597111,000660.KS,SK하이닉스
2025-10-24,6.850074053556746,000660.KS,SK하이닉스
2025-10-25,3.185881391248424,000660.KS,SK하이닉스
2025-10-26,4.505901108104838,000660.KS,SK하이닉스
2025-10-27,8.101163967504958,000660.KS,SK하이닉스
2025-10-28,8.567629386102961,000660.KS,SK하이닉스
2025-10-29,10.29703057111107,000660.KS,SK하이닉스
2025-10-30,8.237624456888856,000660.KS,SK하이닉스
2025-10-31,9.09117875514727,000660.KS,SK하이닉스
2025-11-01,6.644683761264646,000660.KS,SK하이닉스
2025-11-02,5.397604647756289,000660.KS,SK하이닉스
2025-11-03,15.875307787518494,000660.KS,SK하이닉스
2025-11-04,11.112715451262948,000660.KS,SK하이닉스
2025-11-05,10.160196984011836,000660.KS,SK하이닉스
2025-11-06,7.937653893759247,000660.KS,SK하이닉스
2025-11-07,7.620147738008878,000660.KS,SK하이닉스
2025-11-08,4.445086180505179,000660.KS,SK하이닉스
2025-11-09,5.715110803506658,000660.KS,SK하이닉스
2025-11-10,8.413913127384802,000660.KS,SK하이닉스
2025-11-11,8.255160049509618,000660.KS,SK하이닉스
2025-11-12,7.778900815884063,000660.KS,SK하이닉스
2025-11-13,7.143888504383324,000660.KS,SK하이닉스
2025-11-14,7.461394660133693,000660.KS,SK하이닉스
2025-11-15,3.810073869004439,000660.KS,SK하이닉스
2025-11-16,4.445086180505179,000660.KS,SK하이닉스
2025-11-17,8.413913127384802,000660.KS,SK하이닉스
2025-11-18,7.143888504383324,000660.KS,SK하이닉스
2025-11-19,7.778900815884063,000660.KS,SK하이닉스
2025-11-20,8.413913127384802,000660.KS,SK하이닉스
2025-11-21,8.572666205259988,000660.KS,SK하이닉스
2025-11-22,4.286333102629994,000660.KS,SK하이닉스
2025-11-23,5.397604647756289,000660.KS,SK하이닉스
2025-11-24,6.667629270757767,000660.KS,SK하이닉스
2025-11-25,7.143888504383324,000660.KS,SK하이닉스
2025-11-26,9.842690828261468,000660.KS,SK하이닉스
2025-11-27,7.620147738008878,000660.KS,SK하이닉스
2025-11-28,6.191370037132213,000660.KS,SK하이닉스
2025-11-29,4.445086180505179,000660.KS,SK하이닉스
2025-11-30,4.286333102629994,000660.KS,SK하이닉스
2025-12-01,6.985135426508138,000660.KS,SK하이닉스
2025-12-02,6.826382348632953,000660.KS,SK하이닉스
2025-12-03,7.620147738008878,000660.KS,SK하이닉스
2025-12-04,7.620147738008878,000660.KS,SK하이닉스
2025-12-05,6.826382348632953,000660.KS,SK하이닉스
2025-12-06,3.651320791129253,000660.KS,SK하이닉스
2025-12-07,4.921345414130734,000660.KS,SK하이닉스
2025-12-08,9.842690828261468,000660.KS,SK하이닉스
2025-12-09,7.937653893759247,000660.KS,SK하이닉스
2025-12-10,9.207678516760726,000660.KS,SK하이닉스
2025-12-11,8.413913127384802,000660.KS,SK하이닉스
2025-12-12,5.397604647756289,000660.KS,SK하이닉스
2025-12-13,3.968826946879624,000660.KS,SK하이닉스
2025-12-14,4.286333102629994,000660.KS,SK하이닉스
2025-12-15,6.032616959257028,000660.KS,SK하이닉스
2025-12-16,6.985135426508138,000660.KS,SK하이닉스
2025-12-17,7.302641582258507,000660.KS,SK하이닉스
2025-12-18,6.508876192882583,000660.KS,SK하이닉스
2025-12-19,5.715110803506658,000660.KS,SK하이닉스
2025-12-20,2.857555401753329,000660.KS,SK하이닉스
2025-12-21,3.651320791129253,000660.KS,SK하이닉스
2025-12-22,6.191370037132213,000660.KS,SK하이닉스
2025-12-23,5.873863881381844,000660.KS,SK하이닉스
2025-12-24,5.080098492005918,000660.KS,SK하이닉스
2025-12-25,3.016308479628514,000660.KS,SK하이닉스
2025-12-26,6.191370037132213,000660.KS,SK하이닉스
2025-12-27,2.857555401753329,000660.KS,SK하이닉스
2025-12-28,4.127580024754809,000660.KS,SK하이닉스
2025-12-29,6.826382348632953,000660.KS,SK하이닉스
2025-12-30,6.032616959257028,000660.KS,SK하이닉스
2025-12-31,4.286333102629994,000660.KS,SK하이닉스
2026-01-01,3.651320791129253,000660.KS,SK하이닉스
2026-01-02,8.255160049509618,000660.KS,SK하이닉스
2026-01-03,4.445086180505179,000660.KS,SK하이닉스
2026-01-04,4.921345414130734,000660.KS,SK하이닉스
2026-01-05,8.572666205259988,000660.KS,SK하이닉스
2026-01-06,10.001443906136652,000660.KS,SK하이닉스
2026-01-07,9.842690828261468,000660.KS,SK하이닉스
2026-01-08,11.271468529138131,000660.KS,SK하이닉스
2026-01-09,7.778900815884063,000660.KS,SK하이닉스
2026-01-10,4.7625923362555485,000660.KS,SK하이닉스
2026-01-11,5.397604647756289,000660.KS,SK하이닉스
2026-01-12,7.461394660133693,000660.KS,SK하이닉스
2026-01-13,8.572666205259988,000660.KS,SK하이닉스
2026-01-14,7.778900815884063,000660.KS,SK하이닉스
2026-01-15,9.207678516760726,000660.KS,SK하이닉스
2026-01-16,8.444165025091788,000660.KS,SK하이닉스
2026-01-17,5.242459594378267,000660.KS,SK하이닉스
2026-01-18,6.042885952056647,000660.KS,SK하이닉스
2026-01-19,7.723115206351,000660.KS,SK하이닉스
2026-01-20,8.80468993446218,000660.KS,SK하이닉스
2026-01-21,8.163016654658986,000660.KS,SK하이닉스
2026-01-22,8.884066473399772,000660.KS,SK하이닉스
2026-01-23,8.163016654658986,000660.KS,SK하이닉스
2026-01-24,5.24606761887543,000660.KS,SK하이닉스
2026-01-25,5.24606761887543,000660.KS,SK하이닉스
2026-01-26,9.281504248779608,000660.KS,SK하이닉스
2026-01-27,12.10630988971253,000660.KS,SK하이닉스
2026-01-28,22.19490146447297,000660.KS,SK하이닉스
2026-01-29,15.738202856626287,000660.KS,SK하이닉스
2026-01-30,16.545290182607125,000660.KS,SK하이닉스
2026-01-31,6.456698607846683,000660.KS,SK하이닉스
2026-02-01,8.070873259808355,000660.KS,SK하이닉스
2026-02-02,12.509853552702948,000660.KS,SK하이닉스
2026-02-03,10.895678900741276,000660.KS,SK하이닉스
2026-02-04,10.08859157476044,000660.KS,SK하이닉스
2026-02-05,10.895678900741276,000660.KS,SK하이닉스
2026-02-06,10.08859157476044,000660.KS,SK하이닉스
2026-02-07,6.053154944856265,000660.KS,SK하이닉스
2026-02-08,6.053154944856265,000660.KS,SK하이닉스
2026-02-09,8.877960585789188,000660.KS,SK하이닉스
2026-02-10,7.667329596817936,000660.KS,SK하이닉스
2026-02-11,7.667329596817936,000660.KS,SK하이닉스
2026-02-12,10.08859157476044,000660.KS,SK하이닉스
2026-02-13,8.877960585789188,000660.KS,SK하이닉스
2026-02-14,6.053154944856265,000660.KS,SK하이닉스
2026-02-15,5.24606761887543,000660.KS,SK하이닉스
2026-02-16,5.24606761887543,000660.KS,SK하이닉스
2026-02-17,5.24606761887543,000660.KS,SK하이닉스
2026-02-18,5.649611281865847,000660.KS,SK하이닉스
2026-02-19,9.685047911770024,000660.KS,SK하이닉스
2026-02-20,11.702766226722112,000660.KS,SK하이닉스
2026-02-21,6.8602422708371,000660.KS,SK하이닉스
2026-02-22,7.263785933827519,000660.KS,SK하이닉스
2026-02-23,10.08859157476044,000660.KS,SK하이닉스
2026-02-24,16.545290182607125,000660.KS,SK하이닉스
2026-02-25,17.35237750858796,000660.KS,SK하이닉스
2026-02-26,23.001988790453805,000660.KS,SK하이닉스
2026-02-27,17.35237750858796,000660.KS,SK하이닉스
2026-02-28,8.47441692279877,000660.KS,SK하이닉스
2026-03-01,7.263785933827519,000660.KS,SK하이닉스
2026-03-02,7.667329596817936,000660.KS,SK하이닉스
2026-03-03,19.370095823540048,000660.KS,SK하이닉스
2026-03-04,17.755921171578375,000660.KS,SK하이닉스
2026-03-05,14.931115530645451,000660.KS,SK하이닉스
2026-03-06,12.509853552702948,000660.KS,SK하이닉스
2026-03-07,6.8602422708371,000660.KS,SK하이닉스
2026-03-08,8.070873259808355,000660.KS,SK하이닉스
2026-03-09,16.545290182607125,000660.KS,SK하이닉스
2026-03-10,18.563008497559213,000660.KS,SK하이닉스
2026-03-11,15.738202856626287,000660.KS,SK하이닉스
2026-03-12,12.913397215693363,000660.KS,SK하이닉스
2026-03-13,11.299222563731696,000660.KS,SK하이닉스
2026-03-14,6.8602422708371,000660.KS,SK하이닉스
2026-03-15,8.47441692279877,000660.KS,SK하이닉스
2026-03-16,16.14174651961671,000660.KS,SK하이닉스
2026-03-17,16.545290182607125,000660.KS,SK하이닉스
2026-03-18,22.59844512746339,000660.KS,SK하이닉스
2026-03-19,17.35237750858796,000660.KS,SK하이닉스
2026-03-20,16.14174651961671,000660.KS,SK하이닉스
2026-03-21,11.702766226722112,000660.KS,SK하이닉스
2026-03-22,16.545290182607125,000660.KS,SK하이닉스
2026-03-23,22.19490146447297,000660.KS,SK하이닉스
2026-03-24,13.7204845416742,000660.KS,SK하이닉스
2026-03-25,16.94883384559754,000660.KS,SK하이닉스
2026-03-26,19.370095823540048,000660.KS,SK하이닉스
2026-03-27,12.913397215693363,000660.KS,SK하이닉스
2026-03-28,7.263785933827519,000660.KS,SK하이닉스
2026-03-29,9.281504248779608,000660.KS,SK하이닉스
2026-03-30,13.7204845416742,000660.KS,SK하이닉스
2026-03-31,20.98427047550172,000660.KS,SK하이닉스
2026-04-01,17.755921171578375,000660.KS,SK하이닉스
2026-04-02,14.931115530645451,000660.KS,SK하이닉스
2026-04-03,12.913397215693363,000660.KS,SK하이닉스
2026-04-04,7.263785933827519,000660.KS,SK하이닉스
2026-04-05,8.47441692279877,000660.KS,SK하이닉스
2026-04-06,19.773639486530463,000660.KS,SK하이닉스
2026-04-07,18.563008497559213,000660.KS,SK하이닉스
2026-04-08,31.47640571325257,000660.KS,SK하이닉스
2026-04-09,18.0797324172844,000660.KS,SK하이닉스
2026-04-10,31.23820285662629,000660.KS,SK하이닉스
2026-04-11,33.045290182607125,000660.KS,SK하이닉스
2026-04-12,24.80808172120774,000660.KS,SK하이닉스
2026-04-13,31.03643102513108,000660.KS,SK하이닉스
2026-04-14,40.677183149520886,000660.KS,SK하이닉스
2026-04-15,35.95769300307359,000660.KS,SK하이닉스
2026-04-16,28.825800036159823,000660.KS,SK하이닉스
2026-04-17,55.00000000000001,000660.KS,SK하이닉스
2026-04-18,30.999999999999996,000660.KS,SK하이닉스
2026-04-19,30.999999999999996,000660.KS,SK하이닉스
2026-04-20,47.0,000660.KS,SK하이닉스
2026-04-21,41.99999999999999,000660.KS,SK하이닉스
2026-04-22,38.99999999999999,000660.KS,SK하이닉스
2026-04-23,41.0,000660.KS,SK하이닉스
2026-04-24,23.0,000660.KS,SK하이닉스
2026-04-25,30.0,000660.KS,SK하이닉스
2026-04-26,29.0,000660.KS,SK하이닉스
2026-04-27,34.0,000660.KS,SK하이닉스
2026-04-28,38.0,000660.KS,SK하이닉스
2026-04-29,38.99999999999999,000660.KS,SK하이닉스
2026-04-30,19.0,000660.KS,SK하이닉스
2026-05-01,15.999999999999998,000660.KS,SK하이닉스
2026-05-02,12.0,000660.KS,SK하이닉스
2026-05-03,30.0,000660.KS,SK하이닉스
2026-05-04,36.99999999999999,000660.KS,SK하이닉스
2026-05-05,24.0,000660.KS,SK하이닉스
2026-05-06,59.0,000660.KS,SK하이닉스
2026-05-07,56.00000000000001,000660.KS,SK하이닉스
2026-05-08,56.99999999999999,000660.KS,SK하이닉스
2026-05-09,100.0,000660.KS,SK하이닉스
2026-05-10,76.0,000660.KS,SK하이닉스
2026-05-11,66.0,000660.KS,SK하이닉스
2026-05-12,60.0,000660.KS,SK하이닉스
2025-05-12,94.0,035420.KS,네이버
2025-05-13,96.0,035420.KS,네이버
2025-05-14,91.0,035420.KS,네이버
2025-05-15,93.0,035420.KS,네이버
2025-05-16,88.0,035420.KS,네이버
2025-05-17,71.0,035420.KS,네이버
2025-05-18,70.0,035420.KS,네이버
2025-05-19,91.0,035420.KS,네이버
2025-05-20,95.0,035420.KS,네이버
2025-05-21,92.0,035420.KS,네이버
2025-05-22,90.0,035420.KS,네이버
2025-05-23,91.0,035420.KS,네이버
2025-05-24,68.0,035420.KS,네이버
2025-05-25,74.0,035420.KS,네이버
2025-05-26,98.0,035420.KS,네이버
2025-05-27,96.0,035420.KS,네이버
2025-05-28,98.0,035420.KS,네이버
2025-05-29,100.0,035420.KS,네이버
2025-05-30,94.0,035420.KS,네이버
2025-05-31,69.0,035420.KS,네이버
2025-06-01,70.0,035420.KS,네이버
2025-06-02,87.0,035420.KS,네이버
2025-06-03,77.0,035420.KS,네이버
2025-06-04,95.0,035420.KS,네이버
2025-06-05,87.0,035420.KS,네이버
2025-06-06,63.0,035420.KS,네이버
2025-06-07,66.0,035420.KS,네이버
2025-06-08,72.0,035420.KS,네이버
2025-06-09,100.0,035420.KS,네이버
2025-06-10,97.0,035420.KS,네이버
2025-06-11,96.0,035420.KS,네이버
2025-06-12,94.0,035420.KS,네이버
2025-06-13,92.0,035420.KS,네이버
2025-06-14,69.0,035420.KS,네이버
2025-06-15,76.0,035420.KS,네이버
2025-06-16,96.0,035420.KS,네이버
2025-06-17,94.0,035420.KS,네이버
2025-06-18,93.0,035420.KS,네이버
2025-06-19,95.0,035420.KS,네이버
2025-06-20,91.0,035420.KS,네이버
2025-06-21,67.0,035420.KS,네이버
2025-06-22,69.0,035420.KS,네이버
2025-06-23,89.0,035420.KS,네이버
2025-06-24,94.0,035420.KS,네이버
2025-06-25,91.0,035420.KS,네이버
2025-06-26,93.0,035420.KS,네이버
2025-06-27,85.0,035420.KS,네이버
2025-06-28,56.00000000000001,035420.KS,네이버
2025-06-29,65.0,035420.KS,네이버
2025-06-30,85.0,035420.KS,네이버
2025-07-01,83.0,035420.KS,네이버
2025-07-02,80.0,035420.KS,네이버
2025-07-03,86.0,035420.KS,네이버
2025-07-04,81.0,035420.KS,네이버
2025-07-05,56.99999999999999,035420.KS,네이버
2025-07-06,63.0,035420.KS,네이버
2025-07-07,91.0,035420.KS,네이버
2025-07-08,89.0,035420.KS,네이버
2025-07-09,87.0,035420.KS,네이버
2025-07-10,99.0,035420.KS,네이버
2025-07-11,87.0,035420.KS,네이버
2025-07-12,62.0,035420.KS,네이버
2025-07-13,66.0,035420.KS,네이버
2025-07-14,99.0,035420.KS,네이버
2025-07-15,96.0,035420.KS,네이버
2025-07-16,87.0,035420.KS,네이버
2025-07-17,88.0,035420.KS,네이버
2025-07-18,83.0,035420.KS,네이버
2025-07-19,64.0,035420.KS,네이버
2025-07-20,65.0,035420.KS,네이버
2025-07-21,89.0,035420.KS,네이버
2025-07-22,85.0,035420.KS,네이버
2025-07-23,80.0,035420.KS,네이버
2025-07-24,83.0,035420.KS,네이버
2025-07-25,79.0,035420.KS,네이버
2025-07-26,63.0,035420.KS,네이버
2025-07-27,63.0,035420.KS,네이버
2025-07-28,77.0,035420.KS,네이버
2025-07-29,77.0,035420.KS,네이버
2025-07-30,72.0,035420.KS,네이버
2025-07-31,77.0,035420.KS,네이버
2025-08-01,72.0,035420.KS,네이버
2025-08-02,56.99999999999999,035420.KS,네이버
2025-08-03,62.23798724309,035420.KS,네이버
2025-08-04,82.98795180722891,035420.KS,네이버
2025-08-05,81.01176470588236,035420.KS,네이버
2025-08-06,82.98795180722891,035420.KS,네이버
2025-08-07,80.02367115520907,035420.KS,네이버
2025-08-08,82.98795180722891,035420.KS,네이버
2025-08-09,64.71417434443657,035420.KS,네이버
2025-08-10,73.1070163004961,035420.KS,네이버
2025-08-11,89.80921332388377,035420.KS,네이버
2025-08-12,89.80921332388377,035420.KS,네이버
2025-08-13,86.88065201984408,035420.KS,네이버
2025-08-14,82.97590361445783,035420.KS,네이버
2025-08-15,59.54741318214033,035420.KS,네이버
2025-08-16,61.499787384833446,035420.KS,네이버
2025-08-17,66.38072289156626,035420.KS,네이버
2025-08-18,87.85683912119065,035420.KS,네이버
2025-08-19,92.73777462792346,035420.KS,네이버
2025-08-20,82.97590361445783,035420.KS,네이버
2025-08-21,84.92827781715096,035420.KS,네이버
2025-08-22,79.07115520907158,035420.KS,네이버
2025-08-23,58.57122608079376,035420.KS,네이버
2025-08-24,64.42834868887314,035420.KS,네이버
2025-08-25,86.88065201984408,035420.KS,네이버
2025-08-26,89.80921332388377,035420.KS,네이버
2025-08-27,85.90446491849752,035420.KS,네이버
2025-08-28,88.83302622253721,035420.KS,네이버
2025-08-29,90.78540042523034,035420.KS,네이버
2025-08-30,59.54741318214033,035420.KS,네이버
2025-08-31,69.30928419560595,035420.KS,네이버
2025-09-01,86.88065201984408,035420.KS,네이버
2025-09-02,89.80921332388377,035420.KS,네이버
2025-09-03,85.90446491849752,035420.KS,네이버
2025-09-04,83.95209071580439,035420.KS,네이버
2025-09-05,82.97590361445783,035420.KS,네이버
2025-09-06,59.54741318214033,035420.KS,네이버
2025-09-07,64.42834868887314,035420.KS,네이버
2025-09-08,94.69014883061658,035420.KS,네이버
2025-09-09,87.85683912119065,035420.KS,네이버
2025-09-10,84.92827781715096,035420.KS,네이버
2025-09-11,87.85683912119065,035420.KS,네이버
2025-09-12,83.95209071580439,035420.KS,네이버
2025-09-13,61.499787384833446,035420.KS,네이버
2025-09-14,64.42834868887314,035420.KS,네이버
2025-09-15,93.71396172927004,035420.KS,네이버
2025-09-16,96.64252303330971,035420.KS,네이버
2025-09-17,94.69014883061658,035420.KS,네이버
2025-09-18,92.73777462792346,035420.KS,네이버
2025-09-19,86.88065201984408,035420.KS,네이버
2025-09-20,60.523600283486886,035420.KS,네이버
2025-09-21,67.35690999291283,035420.KS,네이버
2025-09-22,93.71396172927004,035420.KS,네이버
2025-09-23,91.76158752657688,035420.KS,네이버
2025-09-24,91.76158752657688,035420.KS,네이버
2025-09-25,95.66633593196316,035420.KS,네이버
2025-09-26,89.80921332388377,035420.KS,네이버
2025-09-27,64.42834868887314,035420.KS,네이버
2025-09-28,71.26165839829908,035420.KS,네이버
2025-09-29,91.76158752657688,035420.KS,네이버
2025-09-30,90.78540042523034,035420.KS,네이버
2025-10-01,89.80921332388377,035420.KS,네이버
2025-10-02,82.97590361445783,035420.KS,네이버
2025-10-03,55.64266477675407,035420.KS,네이버
2025-10-04,56.61885187810064,035420.KS,네이버
2025-10-05,51.73791637136782,035420.KS,네이버
2025-10-06,48.80935506732813,035420.KS,네이버
2025-10-07,51.73791637136782,035420.KS,네이버
2025-10-08,52.71410347271438,035420.KS,네이버
2025-10-09,58.57122608079376,035420.KS,네이버
2025-10-10,80.04734231041814,035420.KS,네이버
2025-10-11,71.26165839829908,035420.KS,네이버
2025-10-12,68.33309709425939,035420.KS,네이버
2025-10-13,93.71396172927004,035420.KS,네이버
2025-10-14,91.76158752657688,035420.KS,네이버
2025-10-15,97.61871013465628,035420.KS,네이버
2025-10-16,91.76158752657688,035420.KS,네이버
2025-10-17,87.85683912119065,035420.KS,네이버
2025-10-18,67.35690999291283,035420.KS,네이버
2025-10-19,66.38072289156626,035420.KS,네이버
2025-10-20,91.76158752657688,035420.KS,네이버
2025-10-21,91.76158752657688,035420.KS,네이버
2025-10-22,96.64252303330971,035420.KS,네이버
2025-10-23,89.80921332388377,035420.KS,네이버
2025-10-24,83.95209071580439,035420.KS,네이버
2025-10-25,64.45546499724388,035420.KS,네이버
2025-10-26,68.30438570892566,035420.KS,네이버
2025-10-27,88.98535607250224,035420.KS,네이버
2025-10-28,90.43567980109596,035420.KS,네이버
2025-10-29,87.54898926733463,035420.KS,네이버
2025-10-30,88.0231258945818,035420.KS,네이버
2025-10-31,88.98535607250224,035420.KS,네이버
2025-11-01,66.86801890375806,035420.KS,네이버
2025-11-02,67.32740106909762,035420.KS,네이버
2025-11-03,92.9307789404446,035420.KS,네이버
2025-11-04,87.2411394134786,035420.KS,네이버
2025-11-05,88.18941266797293,035420.KS,네이버
2025-11-06,90.0859591769616,035420.KS,네이버
2025-11-07,81.5514998865126,035420.KS,네이버
2025-11-08,63.53430805112028,035420.KS,네이버
2025-11-09,64.48258130561462,035420.KS,네이버
2025-11-10,94.82732544943326,035420.KS,네이버
2025-11-11,86.29286615898427,035420.KS,네이버
2025-11-12,84.3963196499956,035420.KS,네이버
2025-11-13,90.0859591769616,035420.KS,네이버
2025-11-14,84.3963196499956,035420.KS,네이버
2025-11-15,64.48258130561462,035420.KS,네이버
2025-11-16,70.17222083258062,035420.KS,네이버
2025-11-17,89.13768592246727,035420.KS,네이버
2025-11-18,86.29286615898427,035420.KS,네이버
2025-11-19,86.29286615898427,035420.KS,네이버
2025-11-20,82.49977314100694,035420.KS,네이버
2025-11-21,76.81013361404095,035420.KS,네이버
2025-11-22,57.84466852415429,035420.KS,네이버
2025-11-23,62.58603479662595,035420.KS,네이버
2025-11-24,86.29286615898427,035420.KS,네이버
2025-11-25,84.3963196499956,035420.KS,네이버
2025-11-26,82.49977314100694,035420.KS,네이버
2025-11-27,84.3963196499956,035420.KS,네이버
2025-11-28,75.86186035954661,035420.KS,네이버
2025-11-29,60.689488287637296,035420.KS,네이버
2025-11-30,65.43085456010895,035420.KS,네이버
2025-12-01,86.29286615898427,035420.KS,네이버
2025-12-02,84.3963196499956,035420.KS,네이버
2025-12-03,89.13768592246727,035420.KS,네이버
2025-12-04,90.0859591769616,035420.KS,네이버
2025-12-05,78.70668012302961,035420.KS,네이버
2025-12-06,62.58603479662595,035420.KS,네이버
2025-12-07,67.32740106909762,035420.KS,네이버
2025-12-08,87.2411394134786,035420.KS,네이버
2025-12-09,84.3963196499956,035420.KS,네이버
2025-12-10,82.49977314100694,035420.KS,네이버
2025-12-11,87.2411394134786,035420.KS,네이버
2025-12-12,81.5514998865126,035420.KS,네이버
2025-12-13,63.53430805112028,035420.KS,네이버
2025-12-14,63.53430805112028,035420.KS,네이버
2025-12-15,82.49977314100694,035420.KS,네이버
2025-12-16,87.2411394134786,035420.KS,네이버
2025-12-17,83.44804639550128,035420.KS,네이버
2025-12-18,84.3963196499956,035420.KS,네이버
2025-12-19,78.70668012302961,035420.KS,네이버
2025-12-20,63.53430805112028,035420.KS,네이버
2025-12-21,68.27567432359194,035420.KS,네이버
2025-12-22,83.44804639550128,035420.KS,네이버
2025-12-23,90.0859591769616,035420.KS,네이버
2025-12-24,84.3963196499956,035420.KS,네이버
2025-12-25,66.37912781460328,035420.KS,네이버
2025-12-26,81.5514998865126,035420.KS,네이버
2025-12-27,60.689488287637296,035420.KS,네이버
2025-12-28,62.58603479662595,035420.KS,네이버
2025-12-29,86.29286615898427,035420.KS,네이버
2025-12-30,77.75840686853527,035420.KS,네이버
2025-12-31,78.70668012302961,035420.KS,네이버
2026-01-01,60.689488287637296,035420.KS,네이버
2026-01-02,76.81013361404095,035420.KS,네이버
2026-01-03,57.84466852415429,035420.KS,네이버
2026-01-04,59.74121503314296,035420.KS,네이버
2026-01-05,75.86186035954661,035420.KS,네이버
2026-01-06,77.75840686853527,035420.KS,네이버
2026-01-07,73.96531385055795,035420.KS,네이버
2026-01-08,70.17222083258062,035420.KS,네이버
2026-01-09,73.01704059606361,035420.KS,네이버
2026-01-10,55.94812201516562,035420.KS,네이버
2026-01-11,59.74121503314296,035420.KS,네이버
2026-01-12,77.75840686853527,035420.KS,네이버
2026-01-13,82.49977314100694,035420.KS,네이버
2026-01-14,73.96531385055795,035420.KS,네이버
2026-01-15,77.75840686853527,035420.KS,네이버
2026-01-16,76.93459447869333,035420.KS,네이버
2026-01-17,55.99553567789034,035420.KS,네이버
2026-01-18,60.55539652274394,035420.KS,네이버
2026-01-19,77.40873110594049,035420.KS,네이버
2026-01-20,76.0226223097226,035420.KS,네이버
2026-01-21,71.93689809211617,035420.KS,네이버
2026-01-22,73.28670580281045,035420.KS,네이버
2026-01-23,70.11295375417473,035420.KS,네이버
2026-01-24,55.16727825716795,035420.KS,네이버
2026-01-25,56.04294934061505,035420.KS,네이버
2026-01-26,74.43204209300437,035420.KS,네이버
2026-01-27,72.68069992611015,035420.KS,네이버
2026-01-28,71.80502884266305,035420.KS,네이버
2026-01-29,75.30771317645149,035420.KS,네이버
2026-01-30,67.4266734254275,035420.KS,네이버
2026-01-31,51.66459392337951,035420.KS,네이버
2026-02-01,57.79429150750928,035420.KS,네이버
2026-02-02,71.80502884266305,035420.KS,네이버
2026-02-03,71.80502884266305,035420.KS,네이버
2026-02-04,72.68069992611015,035420.KS,네이버
2026-02-05,74.43204209300437,035420.KS,네이버
2026-02-06,72.68069992611015,035420.KS,네이버
2026-02-07,51.66459392337951,035420.KS,네이버
2026-02-08,54.29160717372085,035420.KS,네이버
2026-02-09,69.17801559232171,035420.KS,네이버
2026-02-10,70.05368667576883,035420.KS,네이버
2026-02-11,73.55637100955727,035420.KS,네이버
2026-02-12,72.68069992611015,035420.KS,네이버
2026-02-13,67.4266734254275,035420.KS,네이버
2026-02-14,47.28623850614396,035420.KS,네이버
2026-02-15,47.28623850614396,035420.KS,네이버
2026-02-16,42.0322120054613,035420.KS,네이버
2026-02-17,42.0322120054613,035420.KS,네이버
2026-02-18,49.91325175648529,035420.KS,네이버
2026-02-19,76.1833842598986,035420.KS,네이버
2026-02-20,73.55637100955727,035420.KS,네이버
2026-02-21,56.04294934061505,035420.KS,네이버
2026-02-22,56.91862042406217,035420.KS,네이버
2026-02-23,79.68606859368704,035420.KS,네이버
2026-02-24,76.1833842598986,035420.KS,네이버
2026-02-25,74.43204209300437,035420.KS,네이버
2026-02-26,73.55637100955727,035420.KS,네이버
2026-02-27,73.55637100955727,035420.KS,네이버
2026-02-28,59.54563367440351,035420.KS,네이버
2026-03-01,53.41593609027373,035420.KS,네이버
2026-03-02,58.6699625909564,035420.KS,네이버
2026-03-03,75.30771317645149,035420.KS,네이버
2026-03-04,79.68606859368704,035420.KS,네이버
2026-03-05,77.0590553433457,035420.KS,네이버
2026-03-06,76.1833842598986,035420.KS,네이버
2026-03-07,63.92398909163906,035420.KS,네이버
2026-03-08,63.04831800819194,035420.KS,네이버
2026-03-09,83.18875292747548,035420.KS,네이버
2026-03-10,81.43741076058126,035420.KS,네이버
2026-03-11,83.18875292747548,035420.KS,네이버
2026-03-12,80.56173967713414,035420.KS,네이버
2026-03-13,79.68606859368704,035420.KS,네이버
2026-03-14,58.6699625909564,035420.KS,네이버
2026-03-15,61.29697584129772,035420.KS,네이버
2026-03-16,82.31308184402837,035420.KS,네이버
2026-03-17,81.43741076058126,035420.KS,네이버
2026-03-18,85.81576617781681,035420.KS,네이버
2026-03-19,84.9400950943697,035420.KS,네이버
2026-03-20,81.43741076058126,035420.KS,네이버
2026-03-21,56.91862042406217,035420.KS,네이버
2026-03-22,60.42130475785061,035420.KS,네이버
2026-03-23,83.18875292747548,035420.KS,네이버
2026-03-24,85.81576617781681,035420.KS,네이버
2026-03-25,82.31308184402837,035420.KS,네이버
2026-03-26,87.56710834471103,035420.KS,네이버
2026-03-27,78.81039751023992,035420.KS,네이버
2026-03-28,61.29697584129772,035420.KS,네이버
2026-03-29,65.67533125853328,035420.KS,네이버
2026-03-30,84.0644240109226,035420.KS,네이버
2026-03-31,85.81576617781681,035420.KS,네이버
2026-04-01,85.81576617781681,035420.KS,네이버
2026-04-02,85.81576617781681,035420.KS,네이버
2026-04-03,80.56173967713414,035420.KS,네이버
2026-04-04,59.54563367440351,035420.KS,네이버
2026-04-05,61.29697584129772,035420.KS,네이버
2026-04-06,84.0644240109226,035420.KS,네이버
2026-04-07,79.68606859368704,035420.KS,네이버
2026-04-08,78.81039751023992,035420.KS,네이버
2026-04-09,81.44643829752401,035420.KS,네이버
2026-04-10,76.68498272044938,035420.KS,네이버
2026-04-11,58.91617678273191,035420.KS,네이버
2026-04-12,61.08710936405486,035420.KS,네이버
2026-04-13,80.5798897777243,035420.KS,네이버
2026-04-14,79.71334125792461,035420.KS,네이버
2026-04-15,83.1795353371234,035420.KS,네이버
2026-04-16,84.48391939864665,035420.KS,네이버
2026-04-17,84.88516965907588,035420.KS,네이버
2026-04-18,66.02179862372569,035420.KS,네이버
2026-04-19,67.73665053603025,035420.KS,네이버
2026-04-20,78.02576200985763,035420.KS,네이버
2026-04-21,78.02576200985763,035420.KS,네이버
2026-04-22,76.31091009755306,035420.KS,네이버
2026-04-23,78.02576200985763,035420.KS,네이버
2026-04-24,74.59605818524851,035420.KS,네이버
2026-04-25,59.16239097450744,035420.KS,네이버
2026-04-26,60.877242886812,035420.KS,네이버
2026-04-27,78.88318796600991,035420.KS,네이버
2026-04-28,78.02576200985763,035420.KS,네이버
2026-04-29,73.73863222909623,035420.KS,네이버
2026-04-30,73.73863222909623,035420.KS,네이버
2026-05-01,56.59011310605059,035420.KS,네이버
2026-05-02,56.59011310605059,035420.KS,네이버
2026-05-03,54.87526119374603,035420.KS,네이버
2026-05-04,66.87922457987797,035420.KS,네이버
2026-05-05,54.01783523759375,035420.KS,네이버
2026-05-06,79.7406139221622,035420.KS,네이버
2026-05-07,81.45546583446676,035420.KS,네이버
2026-05-08,75.45348414140079,035420.KS,네이버
2026-05-09,54.87526119374603,035420.KS,네이버
2026-05-10,61.73466884296428,035420.KS,네이버
2026-05-11,85.74259561522817,035420.KS,네이버
2026-05-12,84.0277437029236,035420.KS,네이버
2025-05-12,8.429792794474517,012450.KS,한화에어로스페이스
2025-05-13,7.376068695165203,012450.KS,한화에어로스페이스
2025-05-14,8.166361769647189,012450.KS,한화에어로스페이스
2025-05-15,7.376068695165203,012450.KS,한화에어로스페이스
2025-05-16,8.693223819301846,012450.KS,한화에어로스페이스
2025-05-17,4.214896397237259,012450.KS,한화에어로스페이스
2025-05-18,5.532051521373902,012450.KS,한화에어로스페이스
2025-05-19,6.585775620683217,012450.KS,한화에어로스페이스
2025-05-20,3.95146537240993,012450.KS,한화에어로스페이스
2025-05-21,6.849206645510546,012450.KS,한화에어로스페이스
2025-05-22,8.166361769647189,012450.KS,한화에어로스페이스
2025-05-23,6.849206645510546,012450.KS,한화에어로스페이스
2025-05-24,5.532051521373902,012450.KS,한화에어로스페이스
2025-05-25,5.005189471719245,012450.KS,한화에어로스페이스
2025-05-26,7.1126376703378735,012450.KS,한화에어로스페이스
2025-05-27,8.166361769647189,012450.KS,한화에어로스페이스
2025-05-28,6.322344595855888,012450.KS,한화에어로스페이스
2025-05-29,7.639499719992532,012450.KS,한화에어로스페이스
2025-05-30,5.005189471719245,012450.KS,한화에어로스페이스
2025-05-31,0.0,012450.KS,한화에어로스페이스
2025-06-01,0.0,012450.KS,한화에어로스페이스
2025-06-02,4.478327422064588,012450.KS,한화에어로스페이스
2025-06-03,0.0,012450.KS,한화에어로스페이스
2025-06-04,6.849206645510546,012450.KS,한화에어로스페이스
2025-06-05,9.220085868956502,012450.KS,한화에어로스페이스
2025-06-06,0.0,012450.KS,한화에어로스페이스
2025-06-07,3.424603322755273,012450.KS,한화에어로스페이스
2025-06-08,5.795482546201231,012450.KS,한화에어로스페이스
2025-06-09,12.11782714205712,012450.KS,한화에어로스페이스
2025-06-10,8.956654844129176,012450.KS,한화에어로스페이스
2025-06-11,10.537240993093148,012450.KS,한화에어로스페이스
2025-06-12,11.064103042747805,012450.KS,한화에어로스페이스
2025-06-13,12.908120216539103,012450.KS,한화에어로스페이스
2025-06-14,6.585775620683217,012450.KS,한화에어로스페이스
2025-06-15,6.849206645510546,012450.KS,한화에어로스페이스
2025-06-16,14.225275340675749,012450.KS,한화에어로스페이스
2025-06-17,13.171551241366434,012450.KS,한화에어로스페이스
2025-06-18,7.90293074481986,012450.KS,한화에어로스페이스
2025-06-19,8.166361769647189,012450.KS,한화에어로스페이스
2025-06-20,9.483516893783833,012450.KS,한화에어로스페이스
2025-06-21,3.161172297927944,012450.KS,한화에어로스페이스
2025-06-22,8.956654844129176,012450.KS,한화에어로스페이스
2025-06-23,11.327534067575131,012450.KS,한화에어로스페이스
2025-06-24,8.166361769647189,012450.KS,한화에어로스페이스
2025-06-25,9.74694791861116,012450.KS,한화에어로스페이스
2025-06-26,8.693223819301846,012450.KS,한화에어로스페이스
2025-06-27,9.483516893783833,012450.KS,한화에어로스페이스
2025-06-28,0.0,012450.KS,한화에어로스페이스
2025-06-29,3.161172297927944,012450.KS,한화에어로스페이스
2025-06-30,9.220085868956502,012450.KS,한화에어로스페이스
2025-07-01,7.639499719992532,012450.KS,한화에어로스페이스
2025-07-02,7.376068695165203,012450.KS,한화에어로스페이스
2025-07-03,6.322344595855888,012450.KS,한화에어로스페이스
2025-07-04,8.693223819301846,012450.KS,한화에어로스페이스
2025-07-05,0.0,012450.KS,한화에어로스페이스
2025-07-06,3.95146537240993,012450.KS,한화에어로스페이스
2025-07-07,11.59096509240246,012450.KS,한화에어로스페이스
2025-07-08,6.322344595855888,012450.KS,한화에어로스페이스
2025-07-09,7.90293074481986,012450.KS,한화에어로스페이스
2025-07-10,9.220085868956502,012450.KS,한화에어로스페이스
2025-07-11,6.05891357102856,012450.KS,한화에어로스페이스
2025-07-12,5.005189471719245,012450.KS,한화에어로스페이스
2025-07-13,0.0,012450.KS,한화에어로스페이스
2025-07-14,7.1126376703378735,012450.KS,한화에어로스페이스
2025-07-15,7.376068695165203,012450.KS,한화에어로스페이스
2025-07-16,8.693223819301846,012450.KS,한화에어로스페이스
2025-07-17,13.171551241366434,012450.KS,한화에어로스페이스
2025-07-18,8.693223819301846,012450.KS,한화에어로스페이스
2025-07-19,6.849206645510546,012450.KS,한화에어로스페이스
2025-07-20,6.05891357102856,012450.KS,한화에어로스페이스
2025-07-21,15.278999439985064,012450.KS,한화에어로스페이스
2025-07-22,9.74694791861116,012450.KS,한화에어로스페이스
2025-07-23,8.693223819301846,012450.KS,한화에어로스페이스
2025-07-24,11.327534067575131,012450.KS,한화에어로스페이스
2025-07-25,9.220085868956502,012450.KS,한화에어로스페이스
2025-07-26,6.05891357102856,012450.KS,한화에어로스페이스
2025-07-27,6.585775620683217,012450.KS,한화에어로스페이스
2025-07-28,13.434982266193762,012450.KS,한화에어로스페이스
2025-07-29,19.49389583722232,012450.KS,한화에어로스페이스
2025-07-30,15.54243046481239,012450.KS,한화에어로스페이스
2025-07-31,19.23046481239499,012450.KS,한화에어로스페이스
2025-08-01,9.74694791861116,012450.KS,한화에어로스페이스
2025-08-02,5.005189471719245,012450.KS,한화에어로스페이스
2025-08-03,10.745790554414784,012450.KS,한화에어로스페이스
2025-08-04,16.05282807541534,012450.KS,한화에어로스페이스
2025-08-05,11.73487648559517,012450.KS,한화에어로스페이스
2025-08-06,14.800311119407624,012450.KS,한화에어로스페이스
2025-08-07,16.74494430962603,012450.KS,한화에어로스페이스
2025-08-08,26.238217908033096,012450.KS,한화에어로스페이스
2025-08-09,11.73487648559517,012450.KS,한화에어로스페이스
2025-08-10,11.866591998008834,012450.KS,한화에어로스페이스
2025-08-11,19.0060606060606,012450.KS,한화에어로스페이스
2025-08-12,27.321212121212117,012450.KS,한화에어로스페이스
2025-08-13,27.91515151515151,012450.KS,한화에어로스페이스
2025-08-14,20.19393939393939,012450.KS,한화에어로스페이스
2025-08-15,11.284848484848482,012450.KS,한화에어로스페이스
2025-08-16,8.315151515151515,012450.KS,한화에어로스페이스
2025-08-17,17.818181818181813,012450.KS,한화에어로스페이스
2025-08-18,23.16363636363636,012450.KS,한화에어로스페이스
2025-08-19,30.884848484848483,012450.KS,한화에어로스페이스
2025-08-20,14.848484848484848,012450.KS,한화에어로스페이스
2025-08-21,12.47272727272727,012450.KS,한화에어로스페이스
2025-08-22,7.721212121212121,012450.KS,한화에어로스페이스
2025-08-23,7.721212121212121,012450.KS,한화에어로스페이스
2025-08-24,8.909090909090907,012450.KS,한화에어로스페이스
2025-08-25,10.690909090909088,012450.KS,한화에어로스페이스
2025-08-26,12.47272727272727,012450.KS,한화에어로스페이스
2025-08-27,14.254545454545454,012450.KS,한화에어로스페이스
2025-08-28,13.066666666666665,012450.KS,한화에어로스페이스
2025-08-29,15.44242424242424,012450.KS,한화에어로스페이스
2025-08-30,5.939393939393938,012450.KS,한화에어로스페이스
2025-08-31,7.127272727272727,012450.KS,한화에어로스페이스
2025-09-01,18.412121212121207,012450.KS,한화에어로스페이스
2025-09-02,15.44242424242424,012450.KS,한화에어로스페이스
2025-09-03,13.660606060606057,012450.KS,한화에어로스페이스
2025-09-04,15.44242424242424,012450.KS,한화에어로스페이스
2025-09-05,13.660606060606057,012450.KS,한화에어로스페이스
2025-09-06,7.721212121212121,012450.KS,한화에어로스페이스
2025-09-07,10.690909090909088,012450.KS,한화에어로스페이스
2025-09-08,18.412121212121207,012450.KS,한화에어로스페이스
2025-09-09,17.818181818181813,012450.KS,한화에어로스페이스
2025-09-10,15.44242424242424,012450.KS,한화에어로스페이스
2025-09-11,19.6,012450.KS,한화에어로스페이스
2025-09-12,19.0060606060606,012450.KS,한화에어로스페이스
2025-09-13,17.224242424242423,012450.KS,한화에어로스페이스
2025-09-14,19.0060606060606,012450.KS,한화에어로스페이스
2025-09-15,31.478787878787877,012450.KS,한화에어로스페이스
2025-09-16,21.975757575757573,012450.KS,한화에어로스페이스
2025-09-17,17.818181818181813,012450.KS,한화에어로스페이스
2025-09-18,15.44242424242424,012450.KS,한화에어로스페이스
2025-09-19,14.848484848484848,012450.KS,한화에어로스페이스
2025-09-20,11.284848484848482,012450.KS,한화에어로스페이스
2025-09-21,10.690909090909088,012450.KS,한화에어로스페이스
2025-09-22,20.19393939393939,012450.KS,한화에어로스페이스
2025-09-23,17.224242424242423,012450.KS,한화에어로스페이스
2025-09-24,17.224242424242423,012450.KS,한화에어로스페이스
2025-09-25,17.818181818181813,012450.KS,한화에어로스페이스
2025-09-26,15.44242424242424,012450.KS,한화에어로스페이스
2025-09-27,11.284848484848482,012450.KS,한화에어로스페이스
2025-09-28,9.5030303030303,012450.KS,한화에어로스페이스
2025-09-29,15.44242424242424,012450.KS,한화에어로스페이스
2025-09-30,21.381818181818176,012450.KS,한화에어로스페이스
2025-10-01,18.412121212121207,012450.KS,한화에어로스페이스
2025-10-02,20.19393939393939,012450.KS,한화에어로스페이스
2025-10-03,12.47272727272727,012450.KS,한화에어로스페이스
2025-10-04,12.47272727272727,012450.KS,한화에어로스페이스
2025-10-05,16.03636363636363,012450.KS,한화에어로스페이스
2025-10-06,12.47272727272727,012450.KS,한화에어로스페이스
2025-10-07,12.47272727272727,012450.KS,한화에어로스페이스
2025-10-08,14.848484848484848,012450.KS,한화에어로스페이스
2025-10-09,17.224242424242423,012450.KS,한화에어로스페이스
2025-10-10,26.13333333333333,012450.KS,한화에어로스페이스
2025-10-11,33.26060606060606,012450.KS,한화에어로스페이스
2025-10-12,56.42424242424242,012450.KS,한화에어로스페이스
2025-10-13,59.39393939393939,012450.KS,한화에어로스페이스
2025-10-14,21.381818181818176,012450.KS,한화에어로스페이스
2025-10-15,15.44242424242424,012450.KS,한화에어로스페이스
2025-10-16,20.787878787878785,012450.KS,한화에어로스페이스
2025-10-17,17.224242424242423,012450.KS,한화에어로스페이스
2025-10-18,11.878787878787875,012450.KS,한화에어로스페이스
2025-10-19,11.878787878787875,012450.KS,한화에어로스페이스
2025-10-20,16.03636363636363,012450.KS,한화에어로스페이스
2025-10-21,12.47272727272727,012450.KS,한화에어로스페이스
2025-10-22,15.44242424242424,012450.KS,한화에어로스페이스
2025-10-23,16.03636363636363,012450.KS,한화에어로스페이스
2025-10-24,15.44242424242424,012450.KS,한화에어로스페이스
2025-10-25,8.357575757575757,012450.KS,한화에어로스페이스
2025-10-26,7.8206060606060595,012450.KS,한화에어로스페이스
2025-10-27,9.43151515151515,012450.KS,한화에어로스페이스
2025-10-28,11.819393939393937,012450.KS,한화에어로스페이스
2025-10-29,15.52121212121212,012450.KS,한화에어로스페이스
2025-10-30,15.938181818181816,012450.KS,한화에어로스페이스
2025-10-31,14.744242424242424,012450.KS,한화에어로스페이스
2025-11-01,7.2836363636363615,012450.KS,한화에어로스페이스
2025-11-02,8.639999999999997,012450.KS,한화에어로스페이스
2025-11-03,20.639999999999997,012450.KS,한화에어로스페이스
2025-11-04,13.679999999999998,012450.KS,한화에어로스페이스
2025-11-05,11.759999999999998,012450.KS,한화에어로스페이스
2025-11-06,16.559999999999995,012450.KS,한화에어로스페이스
2025-11-07,12.72,012450.KS,한화에어로스페이스
2025-11-08,8.639999999999997,012450.KS,한화에어로스페이스
2025-11-09,8.159999999999998,012450.KS,한화에어로스페이스
2025-11-10,11.04,012450.KS,한화에어로스페이스
2025-11-11,12.239999999999998,012450.KS,한화에어로스페이스
2025-11-12,13.679999999999998,012450.KS,한화에어로스페이스
2025-11-13,10.56,012450.KS,한화에어로스페이스
2025-11-14,11.279999999999998,012450.KS,한화에어로스페이스
2025-11-15,8.399999999999999,012450.KS,한화에어로스페이스
2025-11-16,10.079999999999998,012450.KS,한화에어로스페이스
2025-11-17,20.879999999999995,012450.KS,한화에어로스페이스
2025-11-18,13.919999999999998,012450.KS,한화에어로스페이스
2025-11-19,14.4,012450.KS,한화에어로스페이스
2025-11-20,13.44,012450.KS,한화에어로스페이스
2025-11-21,11.759999999999998,012450.KS,한화에어로스페이스
2025-11-22,7.439999999999999,012450.KS,한화에어로스페이스
2025-11-23,5.999999999999999,012450.KS,한화에어로스페이스
2025-11-24,10.799999999999995,012450.KS,한화에어로스페이스
2025-11-25,10.56,012450.KS,한화에어로스페이스
2025-11-26,22.559999999999995,012450.KS,한화에어로스페이스
2025-11-27,24.0,012450.KS,한화에어로스페이스
2025-11-28,14.88,012450.KS,한화에어로스페이스
2025-11-29,8.399999999999999,012450.KS,한화에어로스페이스
2025-11-30,8.399999999999999,012450.KS,한화에어로스페이스
2025-12-01,15.119999999999996,012450.KS,한화에어로스페이스
2025-12-02,14.4,012450.KS,한화에어로스페이스
2025-12-03,13.679999999999998,012450.KS,한화에어로스페이스
2025-12-04,8.879999999999999,012450.KS,한화에어로스페이스
2025-12-05,12.239999999999998,012450.KS,한화에어로스페이스
2025-12-06,8.639999999999997,012450.KS,한화에어로스페이스
2025-12-07,7.68,012450.KS,한화에어로스페이스
2025-12-08,13.679999999999998,012450.KS,한화에어로스페이스
2025-12-09,11.279999999999998,012450.KS,한화에어로스페이스
2025-12-10,14.639999999999995,012450.KS,한화에어로스페이스
2025-12-11,10.079999999999998,012450.KS,한화에어로스페이스
2025-12-12,8.399999999999999,012450.KS,한화에어로스페이스
2025-12-13,6.959999999999999,012450.KS,한화에어로스페이스
2025-12-14,9.839999999999998,012450.KS,한화에어로스페이스
2025-12-15,14.4,012450.KS,한화에어로스페이스
2025-12-16,12.959999999999996,012450.KS,한화에어로스페이스
2025-12-17,13.919999999999998,012450.KS,한화에어로스페이스
2025-12-18,11.04,012450.KS,한화에어로스페이스
2025-12-19,11.519999999999998,012450.KS,한화에어로스페이스
2025-12-20,6.239999999999999,012450.KS,한화에어로스페이스
2025-12-21,7.199999999999999,012450.KS,한화에어로스페이스
2025-12-22,11.999999999999998,012450.KS,한화에어로스페이스
2025-12-23,13.679999999999998,012450.KS,한화에어로스페이스
2025-12-24,12.239999999999998,012450.KS,한화에어로스페이스
2025-12-25,8.159999999999998,012450.KS,한화에어로스페이스
2025-12-26,10.799999999999995,012450.KS,한화에어로스페이스
2025-12-27,6.239999999999999,012450.KS,한화에어로스페이스
2025-12-28,7.919999999999998,012450.KS,한화에어로스페이스
2025-12-29,18.0,012450.KS,한화에어로스페이스
2025-12-30,10.56,012450.KS,한화에어로스페이스
2025-12-31,7.439999999999999,012450.KS,한화에어로스페이스
2026-01-01,4.799999999999999,012450.KS,한화에어로스페이스
2026-01-02,9.839999999999998,012450.KS,한화에어로스페이스
2026-01-03,6.239999999999999,012450.KS,한화에어로스페이스
2026-01-04,7.199999999999999,012450.KS,한화에어로스페이스
2026-01-05,10.56,012450.KS,한화에어로스페이스
2026-01-06,11.279999999999998,012450.KS,한화에어로스페이스
2026-01-07,14.4,012450.KS,한화에어로스페이스
2026-01-08,16.319999999999997,012450.KS,한화에어로스페이스
2026-01-09,22.32,012450.KS,한화에어로스페이스
2026-01-10,8.399999999999999,012450.KS,한화에어로스페이스
2026-01-11,11.279999999999998,012450.KS,한화에어로스페이스
2026-01-12,14.88,012450.KS,한화에어로스페이스
2026-01-13,15.119999999999996,012450.KS,한화에어로스페이스
2026-01-14,17.519999999999996,012450.KS,한화에어로스페이스
2026-01-15,17.279999999999994,012450.KS,한화에어로스페이스
2026-01-16,14.939999999999998,012450.KS,한화에어로스페이스
2026-01-17,6.979999999999999,012450.KS,한화에어로스페이스
2026-01-18,11.88,012450.KS,한화에어로스페이스
2026-01-19,17.019999999999996,012450.KS,한화에어로스페이스
2026-01-20,11.14,012450.KS,한화에어로스페이스
2026-01-21,18.0,012450.KS,한화에어로스페이스
2026-01-22,19.1,012450.KS,한화에어로스페이스
2026-01-23,18.0,012450.KS,한화에어로스페이스
2026-01-24,6.0,012450.KS,한화에어로스페이스
2026-01-25,9.0,012450.KS,한화에어로스페이스
2026-01-26,10.0,012450.KS,한화에어로스페이스
2026-01-27,17.0,012450.KS,한화에어로스페이스
2026-01-28,19.0,012450.KS,한화에어로스페이스
2026-01-29,21.0,012450.KS,한화에어로스페이스
2026-01-30,17.0,012450.KS,한화에어로스페이스
2026-01-31,12.999999999999998,012450.KS,한화에어로스페이스
2026-02-01,10.0,012450.KS,한화에어로스페이스
2026-02-02,15.0,012450.KS,한화에어로스페이스
2026-02-03,20.0,012450.KS,한화에어로스페이스
2026-02-04,15.999999999999998,012450.KS,한화에어로스페이스
2026-02-05,17.0,012450.KS,한화에어로스페이스
2026-02-06,12.0,012450.KS,한화에어로스페이스
2026-02-07,7.999999999999999,012450.KS,한화에어로스페이스
2026-02-08,10.0,012450.KS,한화에어로스페이스
2026-02-09,20.0,012450.KS,한화에어로스페이스
2026-02-10,20.0,012450.KS,한화에어로스페이스
2026-02-11,10.999999999999998,012450.KS,한화에어로스페이스
2026-02-12,12.999999999999998,012450.KS,한화에어로스페이스
2026-02-13,15.0,012450.KS,한화에어로스페이스
2026-02-14,9.0,012450.KS,한화에어로스페이스
2026-02-15,10.0,012450.KS,한화에어로스페이스
2026-02-16,6.999999999999999,012450.KS,한화에어로스페이스
2026-02-17,5.0,012450.KS,한화에어로스페이스
2026-02-18,9.0,012450.KS,한화에어로스페이스
2026-02-19,15.0,012450.KS,한화에어로스페이스
2026-02-20,19.0,012450.KS,한화에어로스페이스
2026-02-21,12.0,012450.KS,한화에어로스페이스
2026-02-22,12.0,012450.KS,한화에어로스페이스
2026-02-23,17.0,012450.KS,한화에어로스페이스
2026-02-24,13.999999999999998,012450.KS,한화에어로스페이스
2026-02-25,21.0,012450.KS,한화에어로스페이스
2026-02-26,20.0,012450.KS,한화에어로스페이스
2026-02-27,21.0,012450.KS,한화에어로스페이스
2026-02-28,17.0,012450.KS,한화에어로스페이스
2026-03-01,15.0,012450.KS,한화에어로스페이스
2026-03-02,22.0,012450.KS,한화에어로스페이스
2026-03-03,56.99999999999999,012450.KS,한화에어로스페이스
2026-03-04,59.0,012450.KS,한화에어로스페이스
2026-03-05,44.99999999999999,012450.KS,한화에어로스페이스
2026-03-06,47.0,012450.KS,한화에어로스페이스
2026-03-07,21.0,012450.KS,한화에어로스페이스
2026-03-08,28.0,012450.KS,한화에어로스페이스
2026-03-09,39.0,012450.KS,한화에어로스페이스
2026-03-10,31.0,012450.KS,한화에어로스페이스
2026-03-11,30.0,012450.KS,한화에어로스페이스
2026-03-12,24.0,012450.KS,한화에어로스페이스
2026-03-13,27.0,012450.KS,한화에어로스페이스
2026-03-14,17.0,012450.KS,한화에어로스페이스
2026-03-15,25.0,012450.KS,한화에어로스페이스
2026-03-16,41.0,012450.KS,한화에어로스페이스
2026-03-17,42.99999999999999,012450.KS,한화에어로스페이스
2026-03-18,47.0,012450.KS,한화에어로스페이스
2026-03-19,41.0,012450.KS,한화에어로스페이스
2026-03-20,46.0,012450.KS,한화에어로스페이스
2026-03-21,26.0,012450.KS,한화에어로스페이스
2026-03-22,31.0,012450.KS,한화에어로스페이스
2026-03-23,43.99999999999999,012450.KS,한화에어로스페이스
2026-03-24,39.0,012450.KS,한화에어로스페이스
2026-03-25,46.0,012450.KS,한화에어로스페이스
2026-03-26,55.99999999999999,012450.KS,한화에어로스페이스
2026-03-27,51.99999999999999,012450.KS,한화에어로스페이스
2026-03-28,57.99999999999999,012450.KS,한화에어로스페이스
2026-03-29,100.0,012450.KS,한화에어로스페이스
2026-03-30,59.0,012450.KS,한화에어로스페이스
2026-03-31,27.0,012450.KS,한화에어로스페이스
2026-04-01,29.0,012450.KS,한화에어로스페이스
2026-04-02,49.0,012450.KS,한화에어로스페이스
2026-04-03,32.0,012450.KS,한화에어로스페이스
2026-04-04,19.0,012450.KS,한화에어로스페이스
2026-04-05,25.0,012450.KS,한화에어로스페이스
2026-04-06,50.99999999999999,012450.KS,한화에어로스페이스
2026-04-07,40.0,012450.KS,한화에어로스페이스
2026-04-08,41.0,012450.KS,한화에어로스페이스
2026-04-09,36.303333333333335,012450.KS,한화에어로스페이스
2026-04-10,31.895,012450.KS,한화에어로스페이스
2026-04-11,17.910833333333333,012450.KS,한화에어로스페이스
2026-04-12,22.319166666666664,012450.KS,한화에어로스페이스
2026-04-13,30.91333333333333,012450.KS,한화에어로스페이스
2026-04-14,28.95,012450.KS,한화에어로스페이스
2026-04-15,48.083333333333336,012450.KS,한화에어로스페이스
2026-04-16,36.303333333333335,012450.KS,한화에어로스페이스
2026-04-17,44.795,012450.KS,한화에어로스페이스
2026-04-18,22.15666666666667,012450.KS,한화에어로스페이스
2026-04-19,17.82166666666667,012450.KS,한화에어로스페이스
2026-04-20,26.973333333333333,012450.KS,한화에어로스페이스
2026-04-21,36.125,012450.KS,한화에어로스페이스
2026-04-22,35.64333333333334,012450.KS,한화에어로스페이스
2026-04-23,32.27166666666667,012450.KS,한화에어로스페이스
2026-04-24,26.491666666666667,012450.KS,한화에어로스페이스
2026-04-25,22.15666666666667,012450.KS,한화에어로스페이스
2026-04-26,21.19333333333333,012450.KS,한화에어로스페이스
2026-04-27,29.86333333333333,012450.KS,한화에어로스페이스
2026-04-28,31.790000000000003,012450.KS,한화에어로스페이스
2026-04-29,30.345,012450.KS,한화에어로스페이스
2026-04-30,21.19333333333333,012450.KS,한화에어로스페이스
2026-05-01,19.266666666666666,012450.KS,한화에어로스페이스
2026-05-02,15.895,012450.KS,한화에어로스페이스
2026-05-03,17.34,012450.KS,한화에어로스페이스
2026-05-04,26.973333333333333,012450.KS,한화에어로스페이스
2026-05-05,22.638333333333332,012450.KS,한화에어로스페이스
2026-05-06,29.86333333333333,012450.KS,한화에어로스페이스
2026-05-07,47.685,012450.KS,한화에어로스페이스
2026-05-08,32.75333333333334,012450.KS,한화에어로스페이스
2026-05-09,23.601666666666667,012450.KS,한화에어로스페이스
2026-05-10,21.19333333333333,012450.KS,한화에어로스페이스
2026-05-11,27.936666666666664,012450.KS,한화에어로스페이스
2026-05-12,26.01,012450.KS,한화에어로스페이스
2025-05-12,17.055188892404516,066570.KS,LG전자
2025-05-13,11.473490709435763,066570.KS,LG전자
2025-05-14,11.78358505293403,066570.KS,LG전자
2025-05-15,15.814811518411458,066570.KS,LG전자
2025-05-16,14.26433980092014,066570.KS,LG전자
2025-05-17,7.132169900460069,066570.KS,LG전자
2025-05-18,7.132169900460069,066570.KS,LG전자
2025-05-19,16.435000205407988,066570.KS,LG전자
2025-05-20,18.9157549533941,066570.KS,LG전자
2025-05-21,19.84603798388889,066570.KS,LG전자
2025-05-22,15.504717174913196,066570.KS,LG전자
2025-05-23,12.71386808342882,066570.KS,LG전자
2025-05-24,8.062452930954862,066570.KS,LG전자
2025-05-25,11.78358505293403,066570.KS,LG전자
2025-05-26,18.9157549533941,066570.KS,LG전자
2025-05-27,18.9157549533941,066570.KS,LG전자
2025-05-28,12.403773739930555,066570.KS,LG전자
2025-05-29,16.435000205407988,066570.KS,LG전자
2025-05-30,14.884528487916668,066570.KS,LG전자
2025-05-31,10.853302022439236,066570.KS,LG전자
2025-06-01,8.372547274453126,066570.KS,LG전자
2025-06-02,16.745094548906252,066570.KS,LG전자
2025-06-03,8.062452930954862,066570.KS,LG전자
2025-06-04,14.26433980092014,066570.KS,LG전자
2025-06-05,14.884528487916668,066570.KS,LG전자
2025-06-06,11.1633963659375,066570.KS,LG전자
2025-06-07,9.923018991944446,066570.KS,LG전자
2025-06-08,14.884528487916668,066570.KS,LG전자
2025-06-09,26.358019197352437,066570.KS,LG전자
2025-06-10,18.29556626639757,066570.KS,LG전자
2025-06-11,18.29556626639757,066570.KS,LG전자
2025-06-12,18.605660609895835,066570.KS,LG전자
2025-06-13,12.403773739930555,066570.KS,LG전자
2025-06-14,14.884528487916668,066570.KS,LG전자
2025-06-15,17.675377579401044,066570.KS,LG전자
2025-06-16,21.706604044878475,066570.KS,LG전자
2025-06-17,22.94698141887153,066570.KS,LG전자
2025-06-18,20.156132327387155,066570.KS,LG전자
2025-06-19,15.504717174913196,066570.KS,LG전자
2025-06-20,15.19462283141493,066570.KS,LG전자
2025-06-21,9.923018991944446,066570.KS,LG전자
2025-06-22,11.78358505293403,066570.KS,LG전자
2025-06-23,20.46622667088542,066570.KS,LG전자
2025-06-24,16.435000205407988,066570.KS,LG전자
2025-06-25,15.504717174913196,066570.KS,LG전자
2025-06-26,15.814811518411458,066570.KS,LG전자
2025-06-27,16.745094548906252,066570.KS,LG전자
2025-06-28,10.23311333544271,066570.KS,LG전자
2025-06-29,13.334056770425349,066570.KS,LG전자
2025-06-30,22.636887075373263,066570.KS,LG전자
2025-07-01,21.086415357881947,066570.KS,LG전자
2025-07-02,20.156132327387155,066570.KS,LG전자
2025-07-03,16.745094548906252,066570.KS,LG전자
2025-07-04,19.225849296892363,066570.KS,LG전자
2025-07-05,8.68264161795139,066570.KS,LG전자
2025-07-06,13.023962426927085,066570.KS,LG전자
2025-07-07,29.14886828883681,066570.KS,LG전자
2025-07-08,24.807547479861118,066570.KS,LG전자
2025-07-09,20.776321014383683,066570.KS,LG전자
2025-07-10,22.01669838837674,066570.KS,LG전자
2025-07-11,16.435000205407988,066570.KS,LG전자
2025-07-12,10.853302022439236,066570.KS,LG전자
2025-07-13,10.543207678940972,066570.KS,LG전자
2025-07-14,21.39650970138021,066570.KS,LG전자
2025-07-15,18.605660609895835,066570.KS,LG전자
2025-07-16,20.46622667088542,066570.KS,LG전자
2025-07-17,16.745094548906252,066570.KS,LG전자
2025-07-18,14.574434144418404,066570.KS,LG전자
2025-07-19,14.574434144418404,066570.KS,LG전자
2025-07-20,14.884528487916668,066570.KS,LG전자
2025-07-21,24.187358792864583,066570.KS,LG전자
2025-07-22,21.086415357881947,066570.KS,LG전자
2025-07-23,22.01669838837674,066570.KS,LG전자
2025-07-24,20.776321014383683,066570.KS,LG전자
2025-07-25,19.535943640390627,066570.KS,LG전자
2025-07-26,11.473490709435763,066570.KS,LG전자
2025-07-27,13.954245457421877,066570.KS,LG전자
2025-07-28,23.257075762369794,066570.KS,LG전자
2025-07-29,22.01669838837674,066570.KS,LG전자
2025-07-30,28.83877394533854,066570.KS,LG전자
2025-07-31,22.01669838837674,066570.KS,LG전자
2025-08-01,21.706604044878475,066570.KS,LG전자
2025-08-02,20.156132327387155,066570.KS,LG전자
2025-08-03,14.70452460212096,066570.KS,LG전자
2025-08-04,27.023316427841195,066570.KS,LG전자
2025-08-05,31.019546121896983,066570.KS,LG전자
2025-08-06,26.38311934079008,066570.KS,LG전자
2025-08-07,30.37934903484588,066570.KS,LG전자
2025-08-08,26.38311934079008,066570.KS,LG전자
2025-08-09,22.696983990232543,066570.KS,LG전자
2025-08-10,23.182133905534528,066570.KS,LG전자
2025-08-11,34.33068532949605,066570.KS,LG전자
2025-08-12,33.67047984239036,066570.KS,LG전자
2025-08-13,32.350068868178965,066570.KS,LG전자
2025-08-14,30.369452406861885,066570.KS,LG전자
2025-08-15,21.786781074487877,066570.KS,LG전자
2025-08-16,19.1459591260651,066570.KS,LG전자
2025-08-17,21.786781074487877,066570.KS,LG전자
2025-08-18,51.49602799424407,066570.KS,LG전자
2025-08-19,38.2919182521302,066570.KS,LG전자
2025-08-20,27.728630458439117,066570.KS,LG전자
2025-08-21,32.350068868178965,066570.KS,LG전자
2025-08-22,26.408219484227725,066570.KS,LG전자
2025-08-23,15.844931690536637,066570.KS,LG전자
2025-08-24,23.767397535804957,066570.KS,LG전자
2025-08-25,28.388835945544805,066570.KS,LG전자
2025-08-26,32.350068868178965,066570.KS,LG전자
2025-08-27,31.02965789396758,066570.KS,LG전자
2025-08-28,23.767397535804957,066570.KS,LG전자
2025-08-29,40.93274020055298,066570.KS,LG전자
2025-08-30,23.10719204869926,066570.KS,LG전자
2025-08-31,24.42760302291065,066570.KS,LG전자
2025-09-01,38.2919182521302,066570.KS,LG전자
2025-09-02,33.010274355284665,066570.KS,LG전자
2025-09-03,38.95212373923589,066570.KS,LG전자
2025-09-04,36.311301790813125,066570.KS,LG전자
2025-09-05,32.350068868178965,066570.KS,LG전자
2025-09-06,21.12657558738218,066570.KS,LG전자
2025-09-07,27.728630458439117,066570.KS,LG전자
2025-09-08,32.350068868178965,066570.KS,LG전자
2025-09-09,30.369452406861885,066570.KS,LG전자
2025-09-10,27.728630458439117,066570.KS,LG전자
2025-09-11,27.728630458439117,066570.KS,LG전자
2025-09-12,28.388835945544805,066570.KS,LG전자
2025-09-13,20.46637010027649,066570.KS,LG전자
2025-09-14,27.728630458439117,066570.KS,LG전자
2025-09-15,36.97150727791882,066570.KS,LG전자
2025-09-16,33.67047984239036,066570.KS,LG전자
2025-09-17,39.61232922634159,066570.KS,LG전자
2025-09-18,52.81643896845545,066570.KS,LG전자
2025-09-19,46.21438409739852,066570.KS,LG전자
2025-09-20,44.893973123187145,066570.KS,LG전자
2025-09-21,66.02054871056933,066570.KS,LG전자
2025-09-22,43.57356214897575,066570.KS,LG전자
2025-09-23,33.67047984239036,066570.KS,LG전자
2025-09-24,31.02965789396758,066570.KS,LG전자
2025-09-25,27.06842497133342,066570.KS,LG전자
2025-09-26,22.44698656159357,066570.KS,LG전자
2025-09-27,17.825548151853717,066570.KS,LG전자
2025-09-28,21.786781074487877,066570.KS,LG전자
2025-09-29,33.010274355284665,066570.KS,LG전자
2025-09-30,29.0490414326505,066570.KS,LG전자
2025-10-01,33.010274355284665,066570.KS,LG전자
2025-10-02,26.408219484227725,066570.KS,LG전자
2025-10-03,13.204109742113864,066570.KS,LG전자
2025-10-04,8.582671332374012,066570.KS,LG전자
2025-10-05,17.165342664748025,066570.KS,LG전자
2025-10-06,12.54390425500817,066570.KS,LG전자
2025-10-07,15.184726203430944,066570.KS,LG전자
2025-10-08,12.54390425500817,066570.KS,LG전자
2025-10-09,15.844931690536637,066570.KS,LG전자
2025-10-10,29.0490414326505,066570.KS,LG전자
2025-10-11,23.767397535804957,066570.KS,LG전자
2025-10-12,18.48575363895941,066570.KS,LG전자
2025-10-13,31.689863381073277,066570.KS,LG전자
2025-10-14,34.99089081660174,066570.KS,LG전자
2025-10-15,31.689863381073277,066570.KS,LG전자
2025-10-16,27.728630458439117,066570.KS,LG전자
2025-10-17,31.689863381073277,066570.KS,LG전자
2025-10-18,19.1459591260651,066570.KS,LG전자
2025-10-19,24.42760302291065,066570.KS,LG전자
2025-10-20,36.311301790813125,066570.KS,LG전자
2025-10-21,32.350068868178965,066570.KS,LG전자
2025-10-22,32.350068868178965,066570.KS,LG전자
2025-10-23,30.369452406861885,066570.KS,LG전자
2025-10-24,28.388835945544805,066570.KS,LG전자
2025-10-25,15.056653554292954,066570.KS,LG전자
2025-10-26,20.26332534578924,066570.KS,LG전자
2025-10-27,31.473289825620736,066570.KS,LG전자
2025-10-28,25.93651529057161,066570.KS,LG전자
2025-10-29,28.423221647998226,066570.KS,LG전자
2025-10-30,29.21984254483717,066570.KS,LG전자
2025-10-31,28.423221647998226,066570.KS,LG전자
2025-11-01,22.419928959663007,066570.KS,LG전자
2025-11-02,29.390643657023837,066570.KS,LG전자
2025-11-03,35.92189780302913,066570.KS,LG전자
2025-11-04,35.455379649743044,066570.KS,LG전자
2025-11-05,34.98886149645695,066570.KS,LG전자
2025-11-06,39.18752487603178,066570.KS,LG전자
2025-11-07,37.32145226288741,066570.KS,LG전자
2025-11-08,27.05805289059337,066570.KS,LG전자
2025-11-09,24.72546212416291,066570.KS,LG전자
2025-11-10,30.790198116882117,066570.KS,LG전자
2025-11-11,33.12278888331257,066570.KS,LG전자
2025-11-12,37.32145226288741,066570.KS,LG전자
2025-11-13,30.323679963596017,066570.KS,LG전자
2025-11-14,25.658498430735094,066570.KS,LG전자
2025-11-15,18.19420797815761,066570.KS,LG전자
2025-11-16,23.32590766430463,066570.KS,LG전자
2025-11-17,28.92412550373774,066570.KS,LG전자
2025-11-18,26.12501658402119,066570.KS,LG전자
2025-11-19,27.05805289059337,066570.KS,LG전자
2025-11-20,29.85716181030993,066570.KS,LG전자
2025-11-21,27.05805289059337,066570.KS,LG전자
2025-11-22,14.928580905154964,066570.KS,LG전자
2025-11-23,24.72546212416291,066570.KS,LG전자
2025-11-24,25.658498430735094,066570.KS,LG전자
2025-11-25,24.258943970876818,066570.KS,LG전자
2025-11-26,25.658498430735094,066570.KS,LG전자
2025-11-27,46.65181532860926,066570.KS,LG전자
2025-11-28,28.92412550373774,066570.KS,LG전자
2025-11-29,14.928580905154964,066570.KS,LG전자
2025-11-30,20.99331689787417,066570.KS,LG전자
2025-12-01,27.524571043879465,066570.KS,LG전자
2025-12-02,27.524571043879465,066570.KS,LG전자
2025-12-03,26.12501658402119,066570.KS,LG전자
2025-12-04,36.85493410960132,066570.KS,LG전자
2025-12-05,30.790198116882117,066570.KS,LG전자
2025-12-06,19.1272442847298,066570.KS,LG전자
2025-12-07,21.926353204446357,066570.KS,LG전자
2025-12-08,27.524571043879465,066570.KS,LG전자
2025-12-09,19.59376243801589,066570.KS,LG전자
2025-12-10,24.258943970876818,066570.KS,LG전자
2025-12-11,25.658498430735094,066570.KS,LG전자
2025-12-12,22.859389511018534,066570.KS,LG전자
2025-12-13,16.328135365013242,066570.KS,LG전자
2025-12-14,17.261171671585426,066570.KS,LG전자
2025-12-15,25.191980277449,066570.KS,LG전자
2025-12-16,25.191980277449,066570.KS,LG전자
2025-12-17,23.79242581759073,066570.KS,LG전자
2025-12-18,26.59153473730728,066570.KS,LG전자
2025-12-19,22.39287135773244,066570.KS,LG전자
2025-12-20,14.928580905154964,066570.KS,LG전자
2025-12-21,16.794653518299334,066570.KS,LG전자
2025-12-22,22.859389511018534,066570.KS,LG전자
2025-12-23,22.39287135773244,066570.KS,LG전자
2025-12-24,17.727689824871522,066570.KS,LG전자
2025-12-25,12.5959901387245,066570.KS,LG전자
2025-12-26,15.861617211727149,066570.KS,LG전자
2025-12-27,15.861617211727149,066570.KS,LG전자
2025-12-28,13.062508292010596,066570.KS,LG전자
2025-12-29,28.457607350451653,066570.KS,LG전자
2025-12-30,23.32590766430463,066570.KS,LG전자
2025-12-31,14.928580905154964,066570.KS,LG전자
2026-01-01,15.395099058441057,066570.KS,LG전자
2026-01-02,19.59376243801589,066570.KS,LG전자
2026-01-03,12.129471985438409,066570.KS,LG전자
2026-01-04,17.727689824871522,066570.KS,LG전자
2026-01-05,27.524571043879465,066570.KS,LG전자
2026-01-06,27.05805289059337,066570.KS,LG전자
2026-01-07,26.12501658402119,066570.KS,LG전자
2026-01-08,28.457607350451653,066570.KS,LG전자
2026-01-09,31.723234423454294,066570.KS,LG전자
2026-01-10,14.928580905154964,066570.KS,LG전자
2026-01-11,18.19420797815761,066570.KS,LG전자
2026-01-12,26.59153473730728,066570.KS,LG전자
2026-01-13,27.524571043879465,066570.KS,LG전자
2026-01-14,29.390643657023837,066570.KS,LG전자
2026-01-15,31.256716270168205,066570.KS,LG전자
2026-01-16,35.28395389088802,066570.KS,LG전자
2026-01-17,21.03041688854698,066570.KS,LG전자
2026-01-18,19.1397661783739,066570.KS,LG전자
2026-01-19,33.71250798191524,066570.KS,LG전자
2026-01-20,31.26939339389881,066570.KS,LG전자
2026-01-21,32.0551163483852,066570.KS,LG전자
2026-01-22,35.836417768731366,066570.KS,LG전자
2026-01-23,29.37874268372572,066570.KS,LG전자
2026-01-24,15.960240060015002,066570.KS,LG전자
2026-01-25,21.7059264816204,066570.KS,LG전자
2026-01-26,30.0052513128282,066570.KS,LG전자
2026-01-27,30.643660915228804,066570.KS,LG전자
2026-01-28,35.112528132033006,066570.KS,LG전자
2026-01-29,32.55888972243061,066570.KS,LG전자
2026-01-30,39.581395348837205,066570.KS,LG전자
2026-01-31,17.8754688672168,066570.KS,LG전자
2026-02-01,19.152288072018003,066570.KS,LG전자
2026-02-02,26.174793698424605,066570.KS,LG전자
2026-02-03,28.090022505626404,066570.KS,LG전자
2026-02-04,25.536384096024005,066570.KS,LG전자
2026-02-05,22.982745686421605,066570.KS,LG전자
2026-02-06,27.451612903225804,066570.KS,LG전자
2026-02-07,15.321830457614402,066570.KS,LG전자
2026-02-08,16.598649662415603,066570.KS,LG전자
2026-02-09,25.536384096024005,066570.KS,LG전자
2026-02-10,24.2595648912228,066570.KS,LG전자
2026-02-11,63.84096024006001,066570.KS,LG전자
2026-02-12,39.581395348837205,066570.KS,LG전자
2026-02-13,30.0052513128282,066570.KS,LG전자
2026-02-14,18.513878469617403,066570.KS,LG전자
2026-02-15,17.237059264816203,066570.KS,LG전자
2026-02-16,21.0675168792198,066570.KS,LG전자
2026-02-17,16.598649662415603,066570.KS,LG전자
2026-02-18,19.152288072018003,066570.KS,LG전자
2026-02-19,30.643660915228804,066570.KS,LG전자
2026-02-20,29.366841710427604,066570.KS,LG전자
2026-02-21,17.8754688672168,066570.KS,LG전자
2026-02-22,24.897974493623405,066570.KS,LG전자
2026-02-23,40.219804951237805,066570.KS,LG전자
2026-02-24,31.920480120030003,066570.KS,LG전자
2026-02-25,37.666166541635405,066570.KS,LG전자
2026-02-26,51.07276819204801,066570.KS,LG전자
2026-02-27,38.942985746436605,066570.KS,LG전자
2026-02-28,21.7059264816204,066570.KS,LG전자
2026-03-01,24.2595648912228,066570.KS,LG전자
2026-03-02,24.897974493623405,066570.KS,LG전자
2026-03-03,42.1350337584396,066570.KS,LG전자
2026-03-04,33.835708927231806,066570.KS,LG전자
2026-03-05,27.451612903225804,066570.KS,LG전자
2026-03-06,30.643660915228804,066570.KS,LG전자
2026-03-07,19.152288072018003,066570.KS,LG전자
2026-03-08,22.982745686421605,066570.KS,LG전자
2026-03-09,40.219804951237805,066570.KS,LG전자
2026-03-10,33.835708927231806,066570.KS,LG전자
2026-03-11,29.366841710427604,066570.KS,LG전자
2026-03-12,31.920480120030003,066570.KS,LG전자
2026-03-13,28.090022505626404,066570.KS,LG전자
2026-03-14,21.7059264816204,066570.KS,LG전자
2026-03-15,23.6211552888222,066570.KS,LG전자
2026-03-16,35.7509377344336,066570.KS,LG전자
2026-03-17,30.643660915228804,066570.KS,LG전자
2026-03-18,37.027756939234806,066570.KS,LG전자
2026-03-19,34.474118529632406,066570.KS,LG전자
2026-03-20,31.920480120030003,066570.KS,LG전자
2026-03-21,23.6211552888222,066570.KS,LG전자
2026-03-22,24.2595648912228,066570.KS,LG전자
2026-03-23,31.920480120030003,066570.KS,LG전자
2026-03-24,33.835708927231806,066570.KS,LG전자
2026-03-25,37.666166541635405,066570.KS,LG전자
2026-03-26,35.7509377344336,066570.KS,LG전자
2026-03-27,27.451612903225804,066570.KS,LG전자
2026-03-28,24.897974493623405,066570.KS,LG전자
2026-03-29,28.728432108027,066570.KS,LG전자
2026-03-30,31.282070517629407,066570.KS,LG전자
2026-03-31,32.55888972243061,066570.KS,LG전자
2026-04-01,32.55888972243061,066570.KS,LG전자
2026-04-02,35.112528132033006,066570.KS,LG전자
2026-04-03,29.366841710427604,066570.KS,LG전자
2026-04-04,17.237059264816203,066570.KS,LG전자
2026-04-05,20.4291072768192,066570.KS,LG전자
2026-04-06,44.05026256564141,066570.KS,LG전자
2026-04-07,42.1350337584396,066570.KS,LG전자
2026-04-08,38.942985746436605,066570.KS,LG전자
2026-04-09,37.0138784696174,066570.KS,LG전자
2026-04-10,36.194673668417096,066570.KS,LG전자
2026-04-11,19.076144036009,066570.KS,LG전자
2026-04-12,22.9913728432108,066570.KS,LG전자
2026-04-13,32.7794448612153,066570.KS,LG전자
2026-04-14,35.0562640660165,066570.KS,LG전자
2026-04-15,40.9291072768192,066570.KS,LG전자
2026-04-16,37.8330832708177,066570.KS,LG전자
2026-04-17,41.0,066570.KS,LG전자
2026-04-18,24.0,066570.KS,LG전자
2026-04-19,30.0,066570.KS,LG전자
2026-04-20,35.0,066570.KS,LG전자
2026-04-21,35.0,066570.KS,LG전자
2026-04-22,55.99999999999999,066570.KS,LG전자
2026-04-23,43.99999999999999,066570.KS,LG전자
2026-04-24,35.0,066570.KS,LG전자
2026-04-25,24.0,066570.KS,LG전자
2026-04-26,34.0,066570.KS,LG전자
2026-04-27,48.99999999999999,066570.KS,LG전자
2026-04-28,54.0,066570.KS,LG전자
2026-04-29,50.99999999999999,066570.KS,LG전자
2026-04-30,43.99999999999999,066570.KS,LG전자
2026-05-01,26.0,066570.KS,LG전자
2026-05-02,23.0,066570.KS,LG전자
2026-05-03,26.0,066570.KS,LG전자
2026-05-04,32.99999999999999,066570.KS,LG전자
2026-05-05,30.0,066570.KS,LG전자
2026-05-06,82.0,066570.KS,LG전자
2026-05-07,59.0,066570.KS,LG전자
2026-05-08,48.0,066570.KS,LG전자
2026-05-09,32.99999999999999,066570.KS,LG전자
2026-05-10,36.99999999999999,066570.KS,LG전자
2026-05-11,52.99999999999999,066570.KS,LG전자
2026-05-12,100.0,066570.KS,LG전자
2025-05-12,13.625200930585365,005380.KS,현대차
2025-05-13,10.559530721203656,005380.KS,현대차
2025-05-14,13.284570907320733,005380.KS,현대차
2025-05-15,12.262680837526828,005380.KS,현대차
2025-05-16,8.515750581615853,005380.KS,현대차
2025-05-17,4.428190302440243,005380.KS,현대차
2025-05-18,8.856380604880487,005380.KS,현대차
2025-05-19,12.943940884056095,005380.KS,현대차
2025-05-20,13.625200930585365,005380.KS,현대차
2025-05-21,12.943940884056095,005380.KS,현대차
2025-05-22,11.58142079099756,005380.KS,현대차
2025-05-23,12.603310860791462,005380.KS,현대차
2025-05-24,7.493860511821951,005380.KS,현대차
2025-05-25,8.17512055835122,005380.KS,현대차
2025-05-26,13.284570907320733,005380.KS,현대차
2025-05-27,12.943940884056095,005380.KS,현대차
2025-05-28,13.284570907320733,005380.KS,현대차
2025-05-29,14.647091000379268,005380.KS,현대차
2025-05-30,10.900160744468293,005380.KS,현대차
2025-05-31,6.471970442028048,005380.KS,현대차
2025-06-01,9.19701062814512,005380.KS,현대차
2025-06-02,16.009611093437805,005380.KS,현대차
2025-06-03,7.834490535086584,005380.KS,현대차
2025-06-04,10.559530721203656,005380.KS,현대차
2025-06-05,16.009611093437805,005380.KS,현대차
2025-06-06,8.856380604880487,005380.KS,현대차
2025-06-07,11.58142079099756,005380.KS,현대차
2025-06-08,10.218900697939024,005380.KS,현대차
2025-06-09,20.77843141914268,005380.KS,현대차
2025-06-10,17.031501163231706,005380.KS,현대차
2025-06-11,18.734651279554875,005380.KS,현대차
2025-06-12,17.031501163231706,005380.KS,현대차
2025-06-13,16.35024111670244,005380.KS,현대차
2025-06-14,11.240790767732928,005380.KS,현대차
2025-06-15,11.58142079099756,005380.KS,현대차
2025-06-16,18.05339123302561,005380.KS,현대차
2025-06-17,19.415911326084142,005380.KS,현대차
2025-06-18,15.668981070173167,005380.KS,현대차
2025-06-19,14.306460977114632,005380.KS,현대차
2025-06-20,16.35024111670244,005380.KS,현대차
2025-06-21,11.240790767732928,005380.KS,현대차
2025-06-22,8.856380604880487,005380.KS,현대차
2025-06-23,17.37213118649634,005380.KS,현대차
2025-06-24,19.075281302819512,005380.KS,현대차
2025-06-25,18.39402125629024,005380.KS,현대차
2025-06-26,20.437801395878047,005380.KS,현대차
2025-06-27,19.75654134934878,005380.KS,현대차
2025-06-28,14.306460977114632,005380.KS,현대차
2025-06-29,12.603310860791462,005380.KS,현대차
2025-06-30,20.097171372613413,005380.KS,현대차
2025-07-01,15.328351046908535,005380.KS,현대차
2025-07-02,16.009611093437805,005380.KS,현대차
2025-07-03,18.05339123302561,005380.KS,현대차
2025-07-04,16.009611093437805,005380.KS,현대차
2025-07-05,9.87827067467439,005380.KS,현대차
2025-07-06,10.900160744468293,005380.KS,현대차
2025-07-07,18.39402125629024,005380.KS,현대차
2025-07-08,17.031501163231706,005380.KS,현대차
2025-07-09,16.35024111670244,005380.KS,현대차
2025-07-10,18.734651279554875,005380.KS,현대차
2025-07-11,19.75654134934878,005380.KS,현대차
2025-07-12,12.262680837526828,005380.KS,현대차
2025-07-13,13.284570907320733,005380.KS,현대차
2025-07-14,20.437801395878047,005380.KS,현대차
2025-07-15,19.415911326084142,005380.KS,현대차
2025-07-16,16.690871139967072,005380.KS,현대차
2025-07-17,19.075281302819512,005380.KS,현대차
2025-07-18,18.39402125629024,005380.KS,현대차
2025-07-19,14.306460977114632,005380.KS,현대차
2025-07-20,12.603310860791462,005380.KS,현대차
2025-07-21,18.39402125629024,005380.KS,현대차
2025-07-22,21.800321488936586,005380.KS,현대차
2025-07-23,22.481581535465853,005380.KS,현대차
2025-07-24,19.075281302819512,005380.KS,현대차
2025-07-25,16.009611093437805,005380.KS,현대차
2025-07-26,9.87827067467439,005380.KS,현대차
2025-07-27,11.240790767732928,005380.KS,현대차
2025-07-28,17.712761209760973,005380.KS,현대차
2025-07-29,17.712761209760973,005380.KS,현대차
2025-07-30,24.525361675053656,005380.KS,현대차
2025-07-31,34.06300232646341,005380.KS,현대차
2025-08-01,20.437801395878047,005380.KS,현대차
2025-08-02,13.625200930585365,005380.KS,현대차
2025-08-03,14.091092939232343,005380.KS,현대차
2025-08-04,25.042621419829317,005380.KS,현대차
2025-08-05,25.890978404687324,005380.KS,현대차
2025-08-06,24.618442927400302,005380.KS,현대차
2025-08-07,27.928322397667998,005380.KS,현대차
2025-08-08,24.277812904135672,005380.KS,현대차
2025-08-09,17.911917444396984,005380.KS,현대차
2025-08-10,19.18445292168401,005380.KS,현대차
2025-08-11,29.955890734009515,005380.KS,현대차
2025-08-12,31.98679858038304,005380.KS,현대차
2025-08-13,27.924982887635984,005380.KS,현대차
2025-08-14,29.955890734009515,005380.KS,현대차
2025-08-15,17.770443655768357,005380.KS,현대차
2025-08-16,19.801351502141884,005380.KS,현대차
2025-08-17,23.86316719488893,005380.KS,현대차
2025-08-18,33.509979465163184,005380.KS,현대차
2025-08-19,32.49452554197642,005380.KS,현대차
2025-08-20,25.38634807966908,005380.KS,현대차
2025-08-21,26.401802002855845,005380.KS,현대차
2025-08-22,22.84771327170217,005380.KS,현대차
2025-08-23,13.200901001427924,005380.KS,현대차
2025-08-24,19.2936245405485,005380.KS,현대차
2025-08-25,26.909528964449223,005380.KS,현대차
2025-08-26,29.955890734009515,005380.KS,현대차
2025-08-27,24.8786211180757,005380.KS,현대차
2025-08-28,30.97134465719628,005380.KS,현대차
2025-08-29,27.417255926042607,005380.KS,현대차
2025-08-30,18.27817061736173,005380.KS,현대차
2025-08-31,15.231808847801448,005380.KS,현대차
2025-09-01,29.448163772416137,005380.KS,현대차
2025-09-02,27.924982887635984,005380.KS,현대차
2025-09-03,26.401802002855845,005380.KS,현대차
2025-09-04,27.924982887635984,005380.KS,현대차
2025-09-05,27.417255926042607,005380.KS,현대차
2025-09-06,26.401802002855845,005380.KS,현대차
2025-09-07,35.540887311536714,005380.KS,현대차
2025-09-08,36.55634123472347,005380.KS,현대차
2025-09-09,34.01770642675657,005380.KS,현대차
2025-09-10,28.94043681082275,005380.KS,현대차
2025-09-11,23.355440233295557,005380.KS,현대차
2025-09-12,29.448163772416137,005380.KS,현대차
2025-09-13,17.770443655768357,005380.KS,현대차
2025-09-14,22.33998631010879,005380.KS,현대차
2025-09-15,48.23406135137125,005380.KS,현대차
2025-09-16,33.509979465163184,005380.KS,현대차
2025-09-17,30.463617695602892,005380.KS,현대차
2025-09-18,28.94043681082275,005380.KS,현대차
2025-09-19,31.98679858038304,005380.KS,현대차
2025-09-20,17.770443655768357,005380.KS,현대차
2025-09-21,21.832259348515407,005380.KS,현대차
2025-09-22,28.94043681082275,005380.KS,현대차
2025-09-23,25.38634807966908,005380.KS,현대차
2025-09-24,22.84771327170217,005380.KS,현대차
2025-09-25,28.43270984922937,005380.KS,현대차
2025-09-26,22.33998631010879,005380.KS,현대차
2025-09-27,16.754989732581592,005380.KS,현대차
2025-09-28,15.231808847801448,005380.KS,현대차
2025-09-29,23.355440233295557,005380.KS,현대차
2025-09-30,21.324532386922023,005380.KS,현대차
2025-10-01,29.955890734009515,005380.KS,현대차
2025-10-02,19.2936245405485,005380.KS,현대차
2025-10-03,11.677720116647777,005380.KS,현대차
2025-10-04,11.169993155054396,005380.KS,현대차
2025-10-05,11.169993155054396,005380.KS,현대차
2025-10-06,12.69317403983454,005380.KS,현대차
2025-10-07,12.18544707824116,005380.KS,현대차
2025-10-08,12.69317403983454,005380.KS,현대차
2025-10-09,13.200901001427924,005380.KS,현대차
2025-10-10,21.832259348515407,005380.KS,현대차
2025-10-11,13.708627963021303,005380.KS,현대차
2025-10-12,14.216354924614686,005380.KS,현대차
2025-10-13,21.832259348515407,005380.KS,현대차
2025-10-14,19.801351502141884,005380.KS,현대차
2025-10-15,26.401802002855845,005380.KS,현대차
2025-10-16,34.01770642675657,005380.KS,현대차
2025-10-17,24.37089415648232,005380.KS,현대차
2025-10-18,12.69317403983454,005380.KS,현대차
2025-10-19,12.69317403983454,005380.KS,현대차
2025-10-20,23.355440233295557,005380.KS,현대차
2025-10-21,25.38634807966908,005380.KS,현대차
2025-10-22,22.33998631010879,005380.KS,현대차
2025-10-23,21.832259348515407,005380.KS,현대차
2025-10-24,19.2936245405485,005380.KS,현대차
2025-10-25,10.99877468308496,005380.KS,현대차
2025-10-26,12.33939058399492,005380.KS,현대차
2025-10-27,23.33816526707988,005380.KS,현대차
2025-10-28,18.04700016036654,005380.KS,현대차
2025-10-29,36.60172728232647,005380.KS,현대차
2025-10-30,44.15767972120144,005380.KS,현대차
2025-10-31,50.78946072882472,005380.KS,현대차
2025-11-01,19.225035072414904,005380.KS,현대차
2025-11-02,20.822223482914467,005380.KS,현대차
2025-11-03,35.814224390612885,005380.KS,현대차
2025-11-04,29.15111287608025,005380.KS,현대차
2025-11-05,25.81955711881394,005380.KS,현대차
2025-11-06,24.153779240180786,005380.KS,현대차
2025-11-07,20.822223482914467,005380.KS,현대차
2025-11-08,12.49333408974868,005380.KS,현대차
2025-11-09,16.657778786331573,005380.KS,현대차
2025-11-10,24.98666817949736,005380.KS,현대차
2025-11-11,24.153779240180786,005380.KS,현대차
2025-11-12,22.488001361547624,005380.KS,현대차
2025-11-13,21.65511242223105,005380.KS,현대차
2025-11-14,23.320890300864203,005380.KS,현대차
2025-11-15,12.49333408974868,005380.KS,현대차
2025-11-16,18.32355666496473,005380.KS,현대차
2025-11-17,28.31822393676368,005380.KS,현대차
2025-11-18,22.488001361547624,005380.KS,현대차
2025-11-19,24.98666817949736,005380.KS,현대차
2025-11-20,23.320890300864203,005380.KS,현대차
2025-11-21,18.32355666496473,005380.KS,현대차
2025-11-22,14.99200090769842,005380.KS,현대차
2025-11-23,12.49333408974868,005380.KS,현대차
2025-11-24,21.65511242223105,005380.KS,현대차
2025-11-25,24.153779240180786,005380.KS,현대차
2025-11-26,23.320890300864203,005380.KS,현대차
2025-11-27,27.485334997447097,005380.KS,현대차
2025-11-28,21.65511242223105,005380.KS,현대차
2025-11-29,14.159111968381838,005380.KS,현대차
2025-11-30,17.490667725648155,005380.KS,현대차
2025-12-01,29.15111287608025,005380.KS,현대차
2025-12-02,24.98666817949736,005380.KS,현대차
2025-12-03,26.65244605813052,005380.KS,현대차
2025-12-04,41.64444696582893,005380.KS,현대차
2025-12-05,49.97333635899472,005380.KS,현대차
2025-12-06,22.488001361547624,005380.KS,현대차
2025-12-07,24.98666817949736,005380.KS,현대차
2025-12-08,34.98133545129631,005380.KS,현대차
2025-12-09,29.15111287608025,005380.KS,현대차
2025-12-10,26.65244605813052,005380.KS,현대차
2025-12-11,27.485334997447097,005380.KS,현대차
2025-12-12,23.320890300864203,005380.KS,현대차
2025-12-13,14.159111968381838,005380.KS,현대차
2025-12-14,18.32355666496473,005380.KS,현대차
2025-12-15,25.81955711881394,005380.KS,현대차
2025-12-16,22.488001361547624,005380.KS,현대차
2025-12-17,26.65244605813052,005380.KS,현대차
2025-12-18,34.14844651197973,005380.KS,현대차
2025-12-19,24.153779240180786,005380.KS,현대차
2025-12-20,14.159111968381838,005380.KS,현대차
2025-12-21,17.490667725648155,005380.KS,현대차
2025-12-22,24.153779240180786,005380.KS,현대차
2025-12-23,19.15644560428131,005380.KS,현대차
2025-12-24,21.65511242223105,005380.KS,현대차
2025-12-25,13.32622302906526,005380.KS,현대차
2025-12-26,20.822223482914467,005380.KS,현대차
2025-12-27,12.49333408974868,005380.KS,현대차
2025-12-28,14.159111968381838,005380.KS,현대차
2025-12-29,17.490667725648155,005380.KS,현대차
2025-12-30,17.490667725648155,005380.KS,현대차
2025-12-31,15.824889847014994,005380.KS,현대차
2026-01-01,14.159111968381838,005380.KS,현대차
2026-01-02,19.15644560428131,005380.KS,현대차
2026-01-03,11.660445150432102,005380.KS,현대차
2026-01-04,13.32622302906526,005380.KS,현대차
2026-01-05,24.98666817949736,005380.KS,현대차
2026-01-06,31.649779694029988,005380.KS,현대차
2026-01-07,59.96800363079368,005380.KS,현대차
2026-01-08,38.31289120856262,005380.KS,현대차
2026-01-09,31.649779694029988,005380.KS,현대차
2026-01-10,23.320890300864203,005380.KS,현대차
2026-01-11,22.488001361547624,005380.KS,현대차
2026-01-12,34.98133545129631,005380.KS,현대차
2026-01-13,54.9706699948942,005380.KS,현대차
2026-01-14,42.47733590514552,005380.KS,현대차
2026-01-15,46.64178060172841,005380.KS,현대차
2026-01-16,40.57244567992284,005380.KS,현대차
2026-01-17,24.45188962009039,005380.KS,현대차
2026-01-18,24.45188962009039,005380.KS,현대차
2026-01-19,70.68944658762126,005380.KS,현대차
2026-01-20,48.44544590684745,005380.KS,현대차
2026-01-21,80.7284468901874,005380.KS,현대차
2026-01-22,83.35278029916226,005380.KS,현대차
2026-01-23,70.68944658762126,005380.KS,현대차
2026-01-24,33.916666666666664,005380.KS,현대차
2026-01-25,33.916666666666664,005380.KS,현대차
2026-01-26,55.91666666666667,005380.KS,현대차
2026-01-27,59.583333333333336,005380.KS,현대차
2026-01-28,47.66666666666667,005380.KS,현대차
2026-01-29,61.41666666666666,005380.KS,현대차
2026-01-30,47.66666666666667,005380.KS,현대차
2026-01-31,21.08333333333333,005380.KS,현대차
2026-02-01,29.33333333333333,005380.KS,현대차
2026-02-02,42.16666666666666,005380.KS,현대차
2026-02-03,37.583333333333336,005380.KS,현대차
2026-02-04,37.583333333333336,005380.KS,현대차
2026-02-05,31.16666666666667,005380.KS,현대차
2026-02-06,33.0,005380.KS,현대차
2026-02-07,18.333333333333336,005380.KS,현대차
2026-02-08,19.25,005380.KS,현대차
2026-02-09,31.16666666666667,005380.KS,현대차
2026-02-10,31.16666666666667,005380.KS,현대차
2026-02-11,33.916666666666664,005380.KS,현대차
2026-02-12,30.25,005380.KS,현대차
2026-02-13,27.5,005380.KS,현대차
2026-02-14,16.5,005380.KS,현대차
2026-02-15,14.666666666666666,005380.KS,현대차
2026-02-16,15.583333333333336,005380.KS,현대차
2026-02-17,16.5,005380.KS,현대차
2026-02-18,19.25,005380.KS,현대차
2026-02-19,36.66666666666667,005380.KS,현대차
2026-02-20,33.916666666666664,005380.KS,현대차
2026-02-21,23.833333333333336,005380.KS,현대차
2026-02-22,24.750000000000004,005380.KS,현대차
2026-02-23,39.41666666666666,005380.KS,현대차
2026-02-24,40.33333333333333,005380.KS,현대차
2026-02-25,60.5,005380.KS,현대차
2026-02-26,63.25000000000001,005380.KS,현대차
2026-02-27,91.66666666666669,005380.KS,현대차
2026-02-28,38.5,005380.KS,현대차
2026-03-01,33.0,005380.KS,현대차
2026-03-02,29.33333333333333,005380.KS,현대차
2026-03-03,64.16666666666667,005380.KS,현대차
2026-03-04,57.75,005380.KS,현대차
2026-03-05,53.16666666666666,005380.KS,현대차
2026-03-06,43.083333333333336,005380.KS,현대차
2026-03-07,22.0,005380.KS,현대차
2026-03-08,29.33333333333333,005380.KS,현대차
2026-03-09,52.25,005380.KS,현대차
2026-03-10,43.083333333333336,005380.KS,현대차
2026-03-11,46.75,005380.KS,현대차
2026-03-12,42.16666666666666,005380.KS,현대차
2026-03-13,35.75,005380.KS,현대차
2026-03-14,21.08333333333333,005380.KS,현대차
2026-03-15,26.58333333333333,005380.KS,현대차
2026-03-16,54.99999999999999,005380.KS,현대차
2026-03-17,56.833333333333336,005380.KS,현대차
2026-03-18,61.41666666666666,005380.KS,현대차
2026-03-19,49.50000000000001,005380.KS,현대차
2026-03-20,59.583333333333336,005380.KS,현대차
2026-03-21,32.083333333333336,005380.KS,현대차
2026-03-22,35.75,005380.KS,현대차
2026-03-23,56.833333333333336,005380.KS,현대차
2026-03-24,46.75,005380.KS,현대차
2026-03-25,48.58333333333334,005380.KS,현대차
2026-03-26,47.66666666666667,005380.KS,현대차
2026-03-27,44.91666666666666,005380.KS,현대차
2026-03-28,28.416666666666668,005380.KS,현대차
2026-03-29,31.16666666666667,005380.KS,현대차
2026-03-30,46.75,005380.KS,현대차
2026-03-31,50.41666666666668,005380.KS,현대차
2026-04-01,59.583333333333336,005380.KS,현대차
2026-04-02,60.5,005380.KS,현대차
2026-04-03,43.083333333333336,005380.KS,현대차
2026-04-04,22.916666666666668,005380.KS,현대차
2026-04-05,31.16666666666667,005380.KS,현대차
2026-04-06,50.41666666666668,005380.KS,현대차
2026-04-07,44.0,005380.KS,현대차
2026-04-08,54.08333333333333,005380.KS,현대차
2026-04-09,48.29166666666666,005380.KS,현대차
2026-04-10,44.958333333333336,005380.KS,현대차
2026-04-11,24.875,005380.KS,현대차
2026-04-12,25.83333333333333,005380.KS,현대차
2026-04-13,44.0,005380.KS,현대차
2026-04-14,44.0,005380.KS,현대차
2026-04-15,54.04166666666668,005380.KS,현대차
2026-04-16,66.0,005380.KS,현대차
2026-04-17,50.0,005380.KS,현대차
2026-04-18,23.0,005380.KS,현대차
2026-04-19,29.000000000000004,005380.KS,현대차
2026-04-20,49.0,005380.KS,현대차
2026-04-21,51.0,005380.KS,현대차
2026-04-22,51.0,005380.KS,현대차
2026-04-23,64.0,005380.KS,현대차
2026-04-24,54.0,005380.KS,현대차
2026-04-25,26.0,005380.KS,현대차
2026-04-26,32.0,005380.KS,현대차
2026-04-27,48.0,005380.KS,현대차
2026-04-28,66.0,005380.KS,현대차
2026-04-29,51.0,005380.KS,현대차
2026-04-30,46.0,005380.KS,현대차
2026-05-01,26.0,005380.KS,현대차
2026-05-02,26.0,005380.KS,현대차
2026-05-03,26.0,005380.KS,현대차
2026-05-04,38.0,005380.KS,현대차
2026-05-05,34.0,005380.KS,현대차
2026-05-06,64.0,005380.KS,현대차
2026-05-07,64.0,005380.KS,현대차
2026-05-08,100.0,005380.KS,현대차
2026-05-09,45.0,005380.KS,현대차
2026-05-10,54.99999999999999,005380.KS,현대차
2026-05-11,83.0,005380.KS,현대차
2026-05-12,78.0,005380.KS,현대차
