Time,匐儀 婦褕紫,20
2025-08-12,13,
2025-08-13,17,
2025-08-14,15,
2025-08-15,15,
2025-08-16,9,
2025-08-17,11,
2025-08-18,21,
2025-08-19,21,
2025-08-20,16,
2025-08-21,13,
2025-08-22,0,
2025-08-23,9,
2025-08-24,7,
2025-08-25,11,
2025-08-26,25,
2025-08-27,16,
2025-08-28,19,
2025-08-29,25,
2025-08-30,9,
2025-08-31,12,
2025-09-01,21,
2025-09-02,15,
2025-09-03,17,
2025-09-04,20,
2025-09-05,21,
2025-09-06,11,
2025-09-07,12,
2025-09-08,23,
2025-09-09,24,
2025-09-10,26,
2025-09-11,24,
2025-09-12,23,
2025-09-13,19,
2025-09-14,28,
2025-09-15,51,
2025-09-16,28,
2025-09-17,27,
2025-09-18,20,
2025-09-19,29,
2025-09-20,14,
2025-09-21,17,
2025-09-22,32,
2025-09-23,28,
2025-09-24,18,
2025-09-25,29,
2025-09-26,19,
2025-09-27,20,
2025-09-28,9,
2025-09-29,24,
2025-09-30,27,
2025-10-01,31,
2025-10-02,31,
2025-10-03,27,
2025-10-04,15,
2025-10-05,28,
2025-10-06,26,
2025-10-07,17,
2025-10-08,28,
2025-10-09,27,
2025-10-10,43,
2025-10-11,50,
2025-10-12,99,
2025-10-13,100,
2025-10-14,28,
2025-10-15,15,
2025-10-16,25,
2025-10-17,27,
2025-10-18,13,
2025-10-19,13,
2025-10-20,21,
2025-10-21,18,
2025-10-22,16,
2025-10-23,23,
2025-10-24,17,
2025-10-25,0,
2025-10-26,8,
2025-10-27,25,
2025-10-28,18,
2025-10-29,18,
2025-10-30,24,
2025-10-31,26,
2025-11-01,13,
2025-11-02,14,
2025-11-03,32,
2025-11-04,25,
2025-11-05,23,
2025-11-06,35,
2025-11-07,24,
2025-11-08,15,
2025-11-09,16,
2025-11-10,16,
2025-11-11,21,
